The Deportation of Novak Djokovic: EXPLAINED,/watch?v=73eT31C1TUQ&pp=ygUabm92YWsgZGpva292aWMgZGVwb3J0YXRpb24%3D
Novak Djokovic deported after losing Australia visa battle - BBC News,/watch?v=_LqLCO5WcL4&pp=ygUabm92YWsgZGpva292aWMgZGVwb3J0YXRpb24%3D
Djokovic Gets Deported & A Pastor Uses Spit in a Sermon | The Daily Show,/watch?v=7582OORlvxU&pp=ygUabm92YWsgZGpva292aWMgZGVwb3J0YXRpb24%3D
Novak Djokovic visa saga: how the tennis world reacted,/watch?v=qt83abLTwTg&pp=ygUabm92YWsgZGpva292aWMgZGVwb3J0YXRpb24%3D
"Novak Djokovic Wins Australian Open, Bill Gates In Crowd, After Deportation For Refusing Covid Vax",/watch?v=HKkuwFWybpY&pp=ygUabm92YWsgZGpva292aWMgZGVwb3J0YXRpb24%3D
Tennis Superstars React to  Novak Djokovic‚Äôs Visa Saga,/watch?v=06rXGc0ES58&pp=ygUabm92YWsgZGpva292aWMgZGVwb3J0YXRpb24%3D
Novak Djokovic deported from Australia: how the controversy unfolded,/watch?v=MpANiLpgiYk&pp=ygUabm92YWsgZGpva292aWMgZGVwb3J0YXRpb24%3D
Djokovic deported after losing visa appeal,/watch?v=jPcvXB6xrsg&pp=ygUabm92YWsgZGpva292aWMgZGVwb3J0YXRpb24%3D
Novak Djokovic breaks his silence on deportation saga,/shorts/SaiR1C6eZTA
RUMBLE LIVE: Australia‚Äôs Deportation of Novak Djokovic,/watch?v=4dJZuAHriNQ&pp=ygUabm92YWsgZGpva292aWMgZGVwb3J0YXRpb24%3D
Tennis villain Holger Rune scolded by umpire after latest piece of controversy,/watch?v=ifqopbd_pDc&pp=ygUabm92YWsgZGpva292aWMgZGVwb3J0YXRpb24%3D
Emma Raducanu‚Äôs endorsements and sponsorships in danger of slipping away,/watch?v=sOlIHQZ6PI4&pp=ygUabm92YWsgZGpva292aWMgZGVwb3J0YXRpb24%3D
Why Tennis Players Are SCARED Of Novak Djokovic..,/watch?v=jQ2krFB1W2M&pp=ygUabm92YWsgZGpva292aWMgZGVwb3J0YXRpb24%3D
This Player Mocked Novak Djokovic & Ended Up Getting Destroyed | Novak Djokovic GOD Mode,/watch?v=BdgGSNnew3U&pp=ygUabm92YWsgZGpva292aWMgZGVwb3J0YXRpb24%3D
Novak Djokovic deported from Australia @TodayShowAU | 9 News Australia,/watch?v=fu_i4cyowWY&pp=ygUabm92YWsgZGpva292aWMgZGVwb3J0YXRpb24%3D
Tennis star Novak Djokovic deported from Australia after losing visa battle,/watch?v=_xe70e2xMds&pp=ygUabm92YWsgZGpva292aWMgZGVwb3J0YXRpb24%3D
Reacting to Novak Djokovic facing deportation for the 2nd time | Get Up,/watch?v=khUw03SmWEg&pp=ygUabm92YWsgZGpva292aWMgZGVwb3J0YXRpb24%3D
Novak Djokovic speaks out on deportation saga | 9 News Australia,/watch?v=Sn_0oy4vQWo&pp=ygUabm92YWsgZGpva292aWMgZGVwb3J0YXRpb24%3D
Novak Djokovic loses deportation appeal in Australia | SportsCenter,/watch?v=s0IMJgIEaT8&pp=ygUabm92YWsgZGpva292aWMgZGVwb3J0YXRpb24%3D
Novak Djokovic deported from Australia after losing final appeal,/watch?v=eIAqn2SS6bo&pp=ygUabm92YWsgZGpva292aWMgZGVwb3J0YXRpb24%3D
Djokovic vaccine medical exemption: Australian tennis players respond,/watch?v=kqjnNTUquvc&pp=ygUabm92YWsgZGpva292aWMgZGVwb3J0YXRpb24%3D
Tennis star Novak Djokovic deported from Australia after visa cancellation,/watch?v=9U2W5oT2KM4&pp=ygUabm92YWsgZGpva292aWMgZGVwb3J0YXRpb24%3D
Novak Djokovic Is Back In Serbia After Deportation From Australia,/watch?v=xHmyV7uFWRI&pp=ygUabm92YWsgZGpva292aWMgZGVwb3J0YXRpb24%3D
Novak Djokovic breaks his silence on deportation saga,/shorts/m0BNKkgjdA0
Novak Djokovic breaks his silence on deportation saga,/shorts/YiOcLTS5RrQ
COVID-19: Tennis star Novak Djokovic in deportation limbo,/watch?v=fCwfqpymyZk&pp=ygUabm92YWsgZGpva292aWMgZGVwb3J0YXRpb24%3D
FULL INTERVIEW: Why was Novak Djokovic deported from Australia? It's a SCANDAL,/watch?v=GDLnArzNqxk&pp=ygUabm92YWsgZGpva292aWMgZGVwb3J0YXRpb24%3D
Live Stream | NOVAK DJOKOVIC DEPORTED FROM AUSTRALIA,/watch?v=3SazQJgPuvA&pp=ygUabm92YWsgZGpva292aWMgZGVwb3J0YXRpb24%3D
"""The CRIMINALS are in charge of the system!"" - Novak Djokovic DEPORTED from Australia",/watch?v=YMkbNkc3fbU&pp=ygUabm92YWsgZGpva292aWMgZGVwb3J0YXRpb24%3D
RULES are RULES | Novak Djokovic Deportation Saga,/watch?v=QQGZjH35I7g&pp=ygUabm92YWsgZGpva292aWMgZGVwb3J0YXRpb24%3D
Novak Djokovic BUSTED for FALSIFYING Immigration Form & could be DEPORTED? Australian Open in DOUBT!,/watch?v=q4uOfj7Tud4&pp=ygUabm92YWsgZGpva292aWMgZGVwb3J0YXRpb24%3D
Celebrating the deportation of Novak? Hold it RIGHT THERE,/watch?v=EzjKheKYdMs&pp=ygUabm92YWsgZGpva292aWMgZGVwb3J0YXRpb24%3D
Live: Novak Djokovic holds news conference in Australia a year after deportation,/watch?v=DOty8oyGCNU&pp=ygUabm92YWsgZGpva292aWMgZGVwb3J0YXRpb24%3D
"Novak Djokovic Gets Visa REVOKED, Facing Deportation From Australia For Not Being Vaccinated",/watch?v=Fw5MSdOS_0Q&pp=ygUabm92YWsgZGpva292aWMgZGVwb3J0YXRpb24%3D
Novak Djokovic says no hard feelings over Australian deportation,/watch?v=yiYGBbRKBBM&pp=ygUabm92YWsgZGpva292aWMgZGVwb3J0YXRpb24%3D
Novak Djokovic OVERCAME deportation in Australia 2022,/watch?v=A8I-CEy5hHk&pp=ygUabm92YWsgZGpva292aWMgZGVwb3J0YXRpb24%3D
Novak Djokovic deported from Australia; 'I'm extremely disappointed',/watch?v=WVDOjjiDUHQ&pp=ygUabm92YWsgZGpva292aWMgZGVwb3J0YXRpb24%3D
Novak Djokovic arrives in Belgrade after deportation,/watch?v=0rR2iFt8l00&pp=ygUabm92YWsgZGpva292aWMgZGVwb3J0YXRpb24%3D
Novak Djokovic faces deportation as start of Australian Open approaches,/watch?v=VOJrPz5QCAE&pp=ygUabm92YWsgZGpva292aWMgZGVwb3J0YXRpb24%3D
Serbians React to Novak Djokovic's Deportation,/watch?v=h83WPvasvR4&pp=ygUabm92YWsgZGpva292aWMgZGVwb3J0YXRpb24%3D
Novak Djokovic Out Of The Australian Open As Visa Cancelled By Australian Court,/watch?v=ghLpprO1lvQ&pp=ygUabm92YWsgZGpva292aWMgZGVwb3J0YXRpb24%3D
"Novak Djokovic's Australian Visa Revoked Again, Faces Deportation",/watch?v=MbAaHqjMwo4&pp=ygUabm92YWsgZGpva292aWMgZGVwb3J0YXRpb24%3D
"""Freedom"" of speech in Australia. Will Novak Djokovic's father be deported? Won't attend semifinal.",/watch?v=14Iuhio57Sk&pp=ygUabm92YWsgZGpva292aWMgZGVwb3J0YXRpb24%3D
Novak Djokovic To Be Deported After Losing Case,/watch?v=ld0YZruda3M&pp=ygUabm92YWsgZGpva292aWMgZGVwb3J0YXRpb24%3D
Novak Djokovic VISA CANCELLED Upon Arrival In Australia! (Will He Be Deported?),/watch?v=YEUwEbeTnlY&pp=ygUabm92YWsgZGpva292aWMgZGVwb3J0YXRpb24%3D
Serbia reacts after deportation of Novak Djokovic | ABC News,/watch?v=cJOJvwpzmfk&pp=ygUabm92YWsgZGpva292aWMgZGVwb3J0YXRpb24%3D
Djokovic deportation: The fallout in Australia and Serbia | DW News,/watch?v=nlHPF-bRvXY&pp=ygUabm92YWsgZGpva292aWMgZGVwb3J0YXRpb24%3D
Novak Djokovic Deported From Australia,/watch?v=LtCBM4UM2MY&pp=ygUabm92YWsgZGpva292aWMgZGVwb3J0YXRpb24%3D
Novak Djokovic facing deportation again,/watch?v=Po3-jjBs5og&pp=ygUabm92YWsgZGpva292aWMgZGVwb3J0YXRpb24%3D
Djokovic lands in Serbia after deportation | 9 News Australia,/watch?v=J1qj-neW2n8&pp=ygUabm92YWsgZGpva292aWMgZGVwb3J0YXRpb24%3D
Australia: Novak Djokovic wins court case challenging deportation | World News | English News Update,/watch?v=ce8MaPK9wJQ&pp=ygUabm92YWsgZGpva292aWMgZGVwb3J0YXRpb24%3D
Over 70 per cent of Australians want Novak Djokovic deported,/watch?v=X1yDf78J50A&pp=ygUabm92YWsgZGpva292aWMgZGVwb3J0YXRpb24%3D
Novak boots 'Where's Wally' hecklers from Rod Laver - Australian Open 2023 | Wide World of Sports,/watch?v=AdM4fi9Y6cw&pp=ygUabm92YWsgZGpva292aWMgZGVwb3J0YXRpb24%3D
Tennis star Djokovic loses Australia deportation fight as court upholds visa cancellation,/watch?v=Eh4fOfmzilY&pp=ygUabm92YWsgZGpva292aWMgZGVwb3J0YXRpb24%3D
Novak Djokovic faces deportation again as Australia cancels his visa for second time | ITV News,/watch?v=N8GYjoVjfME&pp=ygUabm92YWsgZGpva292aWMgZGVwb3J0YXRpb24%3D
Novak Djokovic faces deportation after Australian government revokes his visa for a second time,/watch?v=hBkP4xbfqF8&pp=ygUabm92YWsgZGpva292aWMgZGVwb3J0YXRpb24%3D
Novak Djokovic faces deportation from Australia,/watch?v=JOq_qMdn4vw&pp=ygUabm92YWsgZGpva292aWMgZGVwb3J0YXRpb24%3D
Tennis Star Djokovic is Deported From Australia,/watch?v=PeKHJa_Ml6c&pp=ygUabm92YWsgZGpva292aWMgZGVwb3J0YXRpb24%3D
Anti-Vaxxer Novak Djokovic DEPORTED From Australia,/watch?v=xV0NrAzzVoY&pp=ygUabm92YWsgZGpva292aWMgZGVwb3J0YXRpb24%3D
Novak Djokovic breaks silence over Covid vaccine refusal - BBC News,/watch?v=rNaIMC4XMhc&pp=ygUabm92YWsgZGpva292aWMgZGVwb3J0YXRpb24%3D
Novak Djokovic gets deported from Australia and will not compete in the 2022 Australian Open,/watch?v=O-34JFgnCl0&pp=ygUabm92YWsgZGpva292aWMgZGVwb3J0YXRpb24%3D
Tennis star Novak Djokovic faces deportation from Australia after visa canceled,/watch?v=TKFpgVvJ0GY&pp=ygUabm92YWsgZGpva292aWMgZGVwb3J0YXRpb24%3D
Novak Djokovic | Tennis ace faces deportation,/watch?v=CzLARsy7hJc&pp=ygUabm92YWsgZGpva292aWMgZGVwb3J0YXRpb24%3D
"Novak Djokovic denied entry into Australia after visa mishap, faces deportation",/watch?v=pBPm7OsfycI&pp=ygUabm92YWsgZGpva292aWMgZGVwb3J0YXRpb24%3D
Reaction To Novak Djokovic Being Banned From The Australian Open,/watch?v=RcJkRXrg_v4&pp=ygUabm92YWsgZGpva292aWMgZGVwb3J0YXRpb24%3D
Novak Djokovic Deportation: Serbia Calls Australia's Decision 'Scandalous' | SPORTS,/watch?v=3r11C5HiWdM&pp=ygUabm92YWsgZGpva292aWMgZGVwb3J0YXRpb24%3D
"After resistance, Australia agrees to delay Novak Djokovic's deportation amid a row over vaccination",/watch?v=F0qJZn7U9_Y&pp=ygUabm92YWsgZGpva292aWMgZGVwb3J0YXRpb24%3D
Australia court rules Novak Djokovic to be deported,/watch?v=5AU8FQVJXZ8&pp=ygUabm92YWsgZGpva292aWMgZGVwb3J0YXRpb24%3D
Novak Djokovic reportedly getting vaccinated after deportation,/watch?v=Xpj8G1-_nRI&pp=ygUabm92YWsgZGpva292aWMgZGVwb3J0YXRpb24%3D
Novak Djokovic faces deportation after judge revokes visa,/watch?v=DLjLQnfUkHE&pp=ygUabm92YWsgZGpva292aWMgZGVwb3J0YXRpb24%3D
3-Judge bench unanimously rejected Novak Djokovic's appeal against deportation,/watch?v=vLxnSnhmfgY&pp=ygUabm92YWsgZGpva292aWMgZGVwb3J0YXRpb24%3D
Novak Djokovic wins appeal against deportation from Australia,/watch?v=iXKsraYusMA&pp=ygUabm92YWsgZGpva292aWMgZGVwb3J0YXRpb24%3D
Novak Djokovic rules out getting Covid vaccine despite risk of losing ranking points,/watch?v=dc4jxFiNC18&pp=ygUabm92YWsgZGpva292aWMgZGVwb3J0YXRpb24%3D
Australian Open starts hours after Tennis star Novak Djokovic's deportation | Sports | World News,/watch?v=YXEoJTailEw&pp=ygUabm92YWsgZGpva292aWMgZGVwb3J0YXRpb24%3D
Novak Djokovic's legal battle against deportation underway,/watch?v=DSKoZjlOQdo&pp=ygUabm92YWsgZGpva292aWMgZGVwb3J0YXRpb24%3D
2724 - Novak Djokovic thanks fans from hotel amid threat of deportation from Australia - 8th Jan,/watch?v=JPC5QI4vJpU&pp=ygUabm92YWsgZGpva292aWMgZGVwb3J0YXRpb24%3D
Djokovic defends actions during Australian Open deportation saga,/watch?v=4vDyK5H79WE&pp=ygUabm92YWsgZGpva292aWMgZGVwb3J0YXRpb24%3D
Australia court rules Novak Djokovic to be deported,/watch?v=UgEpeoEpP8Q&pp=ygUabm92YWsgZGpva292aWMgZGVwb3J0YXRpb24%3D
Novak Djokovic lands in Melbourne for the first time after deportation | 9 News Australia,/watch?v=4hpdNu-fkwU&pp=ygUabm92YWsgZGpva292aWMgZGVwb3J0YXRpb24%3D
Djokovic heading to Serbia after Australia deportation,/watch?v=wXHQEIet4UY&pp=ygUabm92YWsgZGpva292aWMgZGVwb3J0YXRpb24%3D
Novak Djokovic arrives back in Serbia after deportation from Australia,/watch?v=gS-2ln8Vh0w&pp=ygUabm92YWsgZGpva292aWMgZGVwb3J0YXRpb24%3D
Novak Djokovic Detained For Deportation,/watch?v=5TkJWSrpvKw&pp=ygUabm92YWsgZGpva292aWMgZGVwb3J0YXRpb24%3D
Tennis Channel Live: Djokovic's Deportation Still Being Considered,/watch?v=Dv5oh3FqnOA&pp=ygUabm92YWsgZGpva292aWMgZGVwb3J0YXRpb24%3D
Inside the hotel where Novak Djokovic is detained - BBC News,/watch?v=GD82nwB2HDI&pp=ygUabm92YWsgZGpva292aWMgZGVwb3J0YXRpb24%3D
Novak Djokovic welcomed home to Serbia after Australian deportation I SBS News,/watch?v=k9CRcZY9wdc&pp=ygUabm92YWsgZGpva292aWMgZGVwb3J0YXRpb24%3D
Novak Djokovic FIGHTS DEPORTATION from Australia for being UNVACCINATED!,/watch?v=HCgOo_QZZpM&pp=ygUabm92YWsgZGpva292aWMgZGVwb3J0YXRpb24%3D
Novak Djokovic free but Australia deportation threat looms | Latest World English News | WION,/watch?v=eW10Etwcq3E&pp=ygUabm92YWsgZGpva292aWMgZGVwb3J0YXRpb24%3D
Could Novak Djokovic still be deported from Australia following visa victory? - BBC News,/watch?v=axfKfShQ4W4&pp=ygUabm92YWsgZGpva292aWMgZGVwb3J0YXRpb24%3D
Novak Djokovic arrives in Belgrade following deportation,/watch?v=Pb3KDEIAGtw&pp=ygUabm92YWsgZGpva292aWMgZGVwb3J0YXRpb24%3D
Novak Djokovic's final bid to avoid deportation from Australia begins | World English News | WION,/watch?v=pYc1Ts5Yh5k&pp=ygUabm92YWsgZGpva292aWMgZGVwb3J0YXRpb24%3D
2022 Australian Open DEPORTATION 'was not easy to DIGEST': Novak Djokovic,/watch?v=8ZHfHKS2zTo&pp=ygUabm92YWsgZGpva292aWMgZGVwb3J0YXRpb24%3D
Novak Djokovic & controversial chain of events | Australia agrees to delay deportation | WION,/watch?v=iNsN0uMx-V0&pp=ygUabm92YWsgZGpva292aWMgZGVwb3J0YXRpb24%3D
Why Novak Djokovic REALLY got Deported & WITHDREW from Australian Open 2022,/watch?v=ZbLmK3mHZ1g&pp=ygUabm92YWsgZGpva292aWMgZGVwb3J0YXRpb24%3D
World No. 1 Novak Djokovic: 'Extremely Disappointed' over losing legal battle against deportation,/watch?v=V-LTdQ6-ne4&pp=ygUabm92YWsgZGpva292aWMgZGVwb3J0YXRpb24%3D
Novak Djokovic faces DEPORTATION from Australia after being HELD HOSTAGE for Bad Visa!,/watch?v=Y1Om66-YFL8&pp=ygUabm92YWsgZGpva292aWMgZGVwb3J0YXRpb24%3D
Novak Djokovic wins deportation hearing 10.1.22,/shorts/pb2_h4XJ4oI
Novak Djokovic 'pleased' Australia deportation decision overturned - but saga not over | ITV News,/watch?v=ZMFMwEVlkFE&pp=ygUabm92YWsgZGpva292aWMgZGVwb3J0YXRpb24%3D
Novak Djokovic to be deported from Australia after visa for Australian Open revoked | ITV News,/watch?v=ZihPWcdQBpg&pp=ygUabm92YWsgZGpva292aWMgZGVwb3J0YXRpb24%3D
Djoker jokes (Part 8): John McEnroe and Chrissie Evert on Novak Djokovic visa saga and her cancer,/watch?v=SH1efIfLNps&pp=ygUabm92YWsgZGpva292aWMgZGVwb3J0YXRpb24%3D
Novak Djokovic finally deported from Australia after losing final appeal over visa,/watch?v=nUiHq5PlHHw&pp=ygUabm92YWsgZGpva292aWMgZGVwb3J0YXRpb24%3D
Novak Djokovic's father responds over pro-Russia controversy | 9 News Australia,/watch?v=vMd2C4F3XCc&pp=ygUabm92YWsgZGpva292aWMgZGVwb3J0YXRpb24%3D
Novak Djokovic Deported Ahead of Australian Open,/watch?v=iqkoameipZI&pp=ygUabm92YWsgZGpva292aWMgZGVwb3J0YXRpb24%3D
Federal government considering deporting Novak Djokovic,/watch?v=rzXriP02kOg&pp=ygUabm92YWsgZGpva292aWMgZGVwb3J0YXRpb24%3D
Novak Djokovic Press Conference | Australian Open 2023 Fourth Round,/watch?v=R8I0CMgVNiU&pp=ygUabm92YWsgZGpva292aWMgZGVwb3J0YXRpb24%3D
Alex De Minaur BOOED By Crowd After This Comment About Federer..,/watch?v=CQ39fuErQQE&pp=ygUabm92YWsgZGpva292aWMgZGVwb3J0YXRpb24%3D
Djokovic deported from Australia after losing appeal,/watch?v=huJMKjKbd_4&pp=ygUabm92YWsgZGpva292aWMgZGVwb3J0YXRpb24%3D
"Novak Djokovic Deported from Australia , Australian open 2022",/watch?v=8uc6zgOrpHM&pp=ygUabm92YWsgZGpva292aWMgZGVwb3J0YXRpb24%3D
Novak Djokovic Speaks On His Return To Australia üó£ üá¶üá∫,/watch?v=rvrXBzP6MD4&pp=ygUabm92YWsgZGpva292aWMgZGVwb3J0YXRpb24%3D
Novak Djokovic arrives in Serbia after deportation from Australia,/watch?v=1p4Njiwx7v8&pp=ygUabm92YWsgZGpva292aWMgZGVwb3J0YXRpb24%3D
Novak Djokovic granted visa for 2023 Australian Open,/watch?v=noLX1IErgvw&pp=ygUabm92YWsgZGpva292aWMgZGVwb3J0YXRpb24%3D
Novak Djokovic set to be deported from Australia after losing second visa appeal hearing,/watch?v=3vtXkXyxwvg&pp=ygUabm92YWsgZGpva292aWMgZGVwb3J0YXRpb24%3D
A timeline of Novak Djokovic's Australian visa saga | 7.30,/watch?v=jJoC9mrBcqg&pp=ygUabm92YWsgZGpva292aWMgZGVwb3J0YXRpb24%3D
Live: View of Belgrade airport as Novak Djokovic returns after being deported,/watch?v=dRI0LDuYPCc&pp=ygUabm92YWsgZGpva292aWMgZGVwb3J0YXRpb24%3D
Novak Djokovic Deported; Bears gonna Bear; Dollar Tree is Expensive!; and more!,/watch?v=WlzC0F1fVN8&pp=ygUabm92YWsgZGpva292aWMgZGVwb3J0YXRpb24%3D
Novak Djokovic: Tennis star arrives back in Serbia after deportation from Australia,/watch?v=_XCyMgfXuDo&pp=ygUabm92YWsgZGpva292aWMgZGVwb3J0YXRpb24%3D
"NFL‚Äôs head coach diversity issue, Novak Djokovic deported from Australia & more | Bring It In",/watch?v=KOvpZ0ueRT0&pp=ygUabm92YWsgZGpva292aWMgZGVwb3J0YXRpb24%3D
The Tournament Where Novak Djokovic Literally Destroyed Everyone | All Winners,/watch?v=VG8FnCdlN6E&pp=ygUabm92YWsgZGpva292aWMgZGVwb3J0YXRpb24%3D
Novak Djokovic's deportation case occupies global sports agenda for 2 weeks,/shorts/nNkOEtqGSPQ
Novak Djokovic Deported Visa Cancelled,/watch?v=cVYXIuHmhCo&pp=ygUabm92YWsgZGpva292aWMgZGVwb3J0YXRpb24%3D
Novak Djokovic faces deportation again after Australian visa cancelled a second time,/watch?v=8YJX8K_0t6s&pp=ygUabm92YWsgZGpva292aWMgZGVwb3J0YXRpb24%3D
Djokovic deported from Australia after losing visa appeal | DW News,/watch?v=VdRo92ynR3U&pp=ygUabm92YWsgZGpva292aWMgZGVwb3J0YXRpb24%3D
From The Newsroom Podcast: Novak Djokovic lands in Serbia after deportation,/watch?v=LKHeSa3Ij1Y&pp=ygUabm92YWsgZGpva292aWMgZGVwb3J0YXRpb24%3D
Novak Djokovic faces deportation from Australia after visa revoked,/watch?v=chdwWDuHC1Q&pp=ygUabm92YWsgZGpva292aWMgZGVwb3J0YXRpb24%3D
Live: Novak Djokovic arrives at Belgrade airport after being deported,/watch?v=5jB-beivY_c&pp=ygUabm92YWsgZGpva292aWMgZGVwb3J0YXRpb24%3D
Novak Djokovic quarantined awaiting deportation hearing,/watch?v=ueXvvHcpDVo&pp=ygUabm92YWsgZGpva292aWMgZGVwb3J0YXRpb24%3D
Australia: Federal court unanimously reject Novak Djokovic's appeal | World No. 1 faces deportation,/watch?v=budVIb_cBzU&pp=ygUabm92YWsgZGpva292aWMgZGVwb3J0YXRpb24%3D
Novak Djokovic launches court bid against Australia deportation,/watch?v=zYAUl8OQEAE&pp=ygUabm92YWsgZGpva292aWMgZGVwb3J0YXRpb24%3D
BREAKING Novak Djokovic Faces Deportation,/watch?v=bJphZLkKac8&pp=ygUabm92YWsgZGpva292aWMgZGVwb3J0YXRpb24%3D
Australian Open: crowds of Novak Djokovic supporters rally outside the Park hotel,/watch?v=KVYOfn-EZnI&pp=ygUabm92YWsgZGpva292aWMgZGVwb3J0YXRpb24%3D
Novak Djokovic faces deportation again after the government revokes his visa a second time.,/shorts/NdhOU-brVOY
Breaking: Novak Djokovic has lost his appeal against deportation from Australia,/watch?v=qg6SL17dJAU&pp=ygUabm92YWsgZGpva292aWMgZGVwb3J0YXRpb24%3D
Tennis Channel Live: Novak Djokovic Leaves Australia,/watch?v=aQF_w5eF3zY&pp=ygUabm92YWsgZGpva292aWMgZGVwb3J0YXRpb24%3D
LIVE - Novak Djokovic wins Covid deportation appeal in Australia,/watch?v=WdG9kgyE80k&pp=ygUabm92YWsgZGpva292aWMgZGVwb3J0YXRpb24%3D
Discussing Novak Djokovic's deportation from Australia & his future legacy in the tennis world,/watch?v=z0ezA0j34wc&pp=ygUabm92YWsgZGpva292aWMgZGVwb3J0YXRpb24%3D
Novak Djokovic Deported from Australia. Shocking Actual Footage!,/watch?v=RgfuRbRBZNM&pp=ygUabm92YWsgZGpva292aWMgZGVwb3J0YXRpb24%3D
"Serbian Prime Minister Calls Djokovic Deportation Case ""Scandalous""",/shorts/sbAjNLlNYYY
Djokovic back in Australia a year after deportation,/watch?v=_C1mJBVL350&pp=ygUabm92YWsgZGpva292aWMgZGVwb3J0YXRpb24%3D
Novak Djokovic to be deported after losing court battle over visa,/watch?v=3h886Jvf9U0&pp=ygUabm92YWsgZGpva292aWMgZGVwb3J0YXRpb24%3D
"Tennis Reaction - Novak Djokovic Deported Out of Australia (Therefore, ruled out of AO)",/watch?v=wF-M1OqJG5w&pp=ygUabm92YWsgZGpva292aWMgZGVwb3J0YXRpb24%3D
Novak Djokovic deported (is it fair or foul),/watch?v=OfnvLY1M38E&pp=ygUabm92YWsgZGpva292aWMgZGVwb3J0YXRpb24%3D
Australian govt detains Novak Djokovic ahead of deportation appeal,/watch?v=HS82AdV9x70&pp=ygUabm92YWsgZGpva292aWMgZGVwb3J0YXRpb24%3D
Novak Djokovic says no hard feelings over Australian deportation,/watch?v=wG4uouRM_2U&pp=ygUabm92YWsgZGpva292aWMgZGVwb3J0YXRpb24%3D
NOVAK DJOKOVIC DEPORTED FROM AUSTRALIA AFTER LOSING FINAL APPEAL | AUSTRALIA IMMIGRATION 2022,/watch?v=Hwik_nnvqFY&pp=ygUabm92YWsgZGpva292aWMgZGVwb3J0YXRpb24%3D
The real reason behind Novak Djokovic's deportation,/watch?v=IZf2UVxMoXE&pp=ygUabm92YWsgZGpva292aWMgZGVwb3J0YXRpb24%3D
"Federal Court Rejects Novak Djokovic's Appeal, World No.1 To Be Deported From Australia",/watch?v=Vr9-teZ6A5g&pp=ygUabm92YWsgZGpva292aWMgZGVwb3J0YXRpb24%3D
Australian tennis players react to Novak Djokovic vaccine exemption,/watch?v=tGj12CRyrGU&pp=ygUabm92YWsgZGpva292aWMgZGVwb3J0YXRpb24%3D
The TRUTH About Novak Djokovic¬¥s Deportation from Australia,/watch?v=aBe3maAGftQ&pp=ygUabm92YWsgZGpva292aWMgZGVwb3J0YXRpb24%3D
Djokovic Loses Court Battle | 10 News First,/watch?v=MbdnGx-bG-w&pp=ygUabm92YWsgZGpva292aWMgZGVwb3J0YXRpb24%3D
Novak Djokovic Latest News | Novak Djokovic Says No Hard Feelings Over Australian Deportation,/watch?v=PSmSd9iu_c0&pp=ygUabm92YWsgZGpva292aWMgZGVwb3J0YXRpb24%3D
Nick Kyrgios talks about Novak Djokovic cannot play in Australian Open,/watch?v=OemwoOGqCzY&pp=ygUabm92YWsgZGpva292aWMgZGVwb3J0YXRpb24%3D
Novak Djokovic deported from Australia over vaccine status ahead of Australian Open | Jeremy Vine,/watch?v=eJ536vI0Q3I&pp=ygUabm92YWsgZGpva292aWMgZGVwb3J0YXRpb24%3D
Djokovic Deported From Australia After Losing Appeal,/watch?v=cP65GUzx30U&pp=ygUabm92YWsgZGpva292aWMgZGVwb3J0YXRpb24%3D
"Novak Djokovic Reacts To Deportation, Says Extremely Dissapointed With VISA Cancellation",/watch?v=uDIjb4dKTrY&pp=ygUabm92YWsgZGpva292aWMgZGVwb3J0YXRpb24%3D
Novak Djokovic arrested and deported or free to play?,/watch?v=xwK_XweNLFU&pp=ygUabm92YWsgZGpva292aWMgZGVwb3J0YXRpb24%3D
Australian tennis fans react to Djokovic deportation order,/watch?v=8bVjf6UCz1c&pp=ygUabm92YWsgZGpva292aWMgZGVwb3J0YXRpb24%3D
Rafael Nadal reacts to Novak Djokovic's Australia visa situation and antivax stance,/watch?v=pFPFLa3aRQk&pp=ygUabm92YWsgZGpva292aWMgZGVwb3J0YXRpb24%3D
Novak Djokovic Loses Legal Fight To Avoid Deportation From Australia,/watch?v=vzinZEtdar0&pp=ygUabm92YWsgZGpva292aWMgZGVwb3J0YXRpb24%3D
Novak Djokovic: Latest news as Serb faces arrest and deportation,/watch?v=q4BOL8Yg-oo&pp=ygUabm92YWsgZGpva292aWMgZGVwb3J0YXRpb24%3D
Novak Djokovic met by fans in Dubai after deportation,/watch?v=KoCzdGqWcW8&pp=ygUabm92YWsgZGpva292aWMgZGVwb3J0YXRpb24%3D
Novak Djokovic arrives back in Belgrade after deportation from Australia,/watch?v=GLotcY78rfo&pp=ygUabm92YWsgZGpva292aWMgZGVwb3J0YXRpb24%3D
Ian Collins tears into Australia for deporting Novak Djokovic,/watch?v=wyHnQhRR5F0&pp=ygUabm92YWsgZGpva292aWMgZGVwb3J0YXRpb24%3D
Novak Djokovic Loses In Federal Court Appeal Will Be DEPORTED And BANNED From Australia,/watch?v=F5v_4sYckXc&pp=ygUabm92YWsgZGpva292aWMgZGVwb3J0YXRpb24%3D
Novak Djokovic wins appeal against deportation from Australia,/watch?v=9fdLHES7_9E&pp=ygUabm92YWsgZGpva292aWMgZGVwb3J0YXRpb24%3D
Novak Djokovic detained after Australia revokes visa again,/watch?v=hAqabqPsbwM&pp=ygUabm92YWsgZGpva292aWMgZGVwb3J0YXRpb24%3D
Novak Djokovic: Tennis star to be deported after losing Australia visa appeal,/watch?v=OQ2H6ejZpmw&pp=ygUabm92YWsgZGpva292aWMgZGVwb3J0YXRpb24%3D
The REAL reason why Novak Djokovic was deported #novakdjokovic #tennis #australianopen,/watch?v=GSBTVJHDhDo&pp=ygUabm92YWsgZGpva292aWMgZGVwb3J0YXRpb24%3D
Novak Djokovic loses his appeal at Australian Federal Court and will be deported | 7NEWS,/watch?v=1yX6xG8kcTY&pp=ygUabm92YWsgZGpva292aWMgZGVwb3J0YXRpb24%3D
Novak Djokovic DEPORTED! Reasonable or a Dangerous Precedent?,/watch?v=W5ZVTs1_bO8&pp=ygUabm92YWsgZGpva292aWMgZGVwb3J0YXRpb24%3D
Novak Djokovic thanks fans for support ahead of deportation decision,/watch?v=StFgwDK9icA&pp=ygUabm92YWsgZGpva292aWMgZGVwb3J0YXRpb24%3D
Djokovic launches court appeal over second deportation order - BBC News,/watch?v=rIRp7qQRUzA&pp=ygUabm92YWsgZGpva292aWMgZGVwb3J0YXRpb24%3D
Tennis star Novak Djokovic deported hours before Australian Open | Sports | International News,/watch?v=bzrKSv076bE&pp=ygUabm92YWsgZGpva292aWMgZGVwb3J0YXRpb24%3D
Deported Djokovic 'tortured' and 'humiliated',/watch?v=2kWnq1pST_w&pp=ygUabm92YWsgZGpva292aWMgZGVwb3J0YXRpb24%3D
INTERESTING FACTS YOU DIDN'T KNOW ABOUT NOVAK DJOKOVIC,/shorts/rf8KQdbqY78
Novak Djokovic: Australia deported Tennis star after losing visa battle,/watch?v=VBo1ZkJ6Om4&pp=ygUabm92YWsgZGpva292aWMgZGVwb3J0YXRpb24%3D
Novak Djokovic NEVER Gives Up üò§,/shorts/SdclU5DvHrI
Tennis star Djokovic awaits verdict in Australia deportation appeal ‚Ä¢ FRANCE 24 English,/watch?v=uWcqTEd1EWw&pp=ygUabm92YWsgZGpva292aWMgZGVwb3J0YXRpb24%3D
Djokovic Deported From Australia | 10 News First,/watch?v=gl5gLMA8CNE&pp=ygUabm92YWsgZGpva292aWMgZGVwb3J0YXRpb24%3D
Novak Djokovic to be deported from Australia after losing visa appeal,/watch?v=R9_s1e5ncSU&pp=ygUabm92YWsgZGpva292aWMgZGVwb3J0YXRpb24%3D
Djokovic returns home to Belgrade from Dubai after Australian deportation,/shorts/DC4wxktynzk
Novak Djokovic arrives in Australia for Australian Open a year after being deported,/watch?v=DcJ49YCzyo0&pp=ygUabm92YWsgZGpva292aWMgZGVwb3J0YXRpb24%3D
Novak Djokovic wins court battle against deportation,/watch?v=Z-rl6Jqj5-c&pp=ygUabm92YWsgZGpva292aWMgZGVwb3J0YXRpb24%3D
Novak Djokovic Australian Open deportation- reactions,/watch?v=ggBhlq6b6Mw&pp=ygUabm92YWsgZGpva292aWMgZGVwb3J0YXRpb24%3D
"Novak Djokovic held at Australia‚Äôs airport, could face deportation| Oneindia News",/watch?v=5E1XWzKf3Aw&pp=ygUabm92YWsgZGpva292aWMgZGVwb3J0YXRpb24%3D
Novak Djokovic Has Landed In Australia A Year After His Deportation..,/watch?v=oYu8NE1XjsI&pp=ygUabm92YWsgZGpva292aWMgZGVwb3J0YXRpb24%3D
Immigration Minister CANCELS Novak Djokovic's VISA.. Here's Why!,/watch?v=PiJ_EjGlpaQ&pp=ygUabm92YWsgZGpva292aWMgZGVwb3J0YXRpb24%3D
Novak Djokovic To Be DETAINED AND Possibly Deported Before The Australian Open,/watch?v=SO2UGzvwkR4&pp=ygUabm92YWsgZGpva292aWMgZGVwb3J0YXRpb24%3D
Novak Djokovic wins appeal against deportation,/watch?v=9aJUU_kEGfM&pp=ygUabm92YWsgZGpva292aWMgZGVwb3J0YXRpb24%3D
'Rules are rules': PM says Djokovic to blame for visa rejection and deportation,/watch?v=1SkfiXwbiPQ&pp=ygUabm92YWsgZGpva292aWMgZGVwb3J0YXRpb24%3D
Novak Djokovic deported after legal battle loss; French Open in doubt,/watch?v=VdelZQI6xng&pp=ygUabm92YWsgZGpva292aWMgZGVwb3J0YXRpb24%3D
"Novak Djokovic releases statement after deportation, Serbian president blasts 'political' ruling",/watch?v=8R8lZPVJecA&pp=ygUabm92YWsgZGpva292aWMgZGVwb3J0YXRpb24%3D
Novak Djokovic Discusses Playing New Opponent For First Time | 2023 Monte Carlo Second Round,/watch?v=EKRJ43r_W54&pp=ygUabm92YWsgZGpva292aWMgZGVwb3J0YXRpb24%3D
Novak Djokovic‚Äôs Visa Has Been CANCELED.. Here's What Happened!,/watch?v=O-51r1migb4&pp=ygUabm92YWsgZGpva292aWMgZGVwb3J0YXRpb24%3D
"Novak Djokovic's deportation battle - COVID-19 protocol, what we know so far  | AUS OPEN 2022",/watch?v=xRILIco-KBk&pp=ygUabm92YWsgZGpva292aWMgZGVwb3J0YXRpb24%3D
Australia DELAYS Novak Djokovic's Deportation,/watch?v=iW4hrYJ8URs&pp=ygUabm92YWsgZGpva292aWMgZGVwb3J0YXRpb24%3D
Tennis star Novak Djokovic deported from Australia after visa cancellation,/watch?v=pmS-i2FGMH4&pp=ygUabm92YWsgZGpva292aWMgZGVwb3J0YXRpb24%3D
"Wait, Djokovic was deported for what?! Visa cancellation EXPLAINED",/watch?v=KPqWioQoE-A&pp=ygUabm92YWsgZGpva292aWMgZGVwb3J0YXRpb24%3D
Latest In Shorts @ 12 PM | Novak Djokovic wins deportation battle,/watch?v=Pp34cIsAIOA&pp=ygUabm92YWsgZGpva292aWMgZGVwb3J0YXRpb24%3D
Novak Djokovic: Antivax star to appeal deportation amid visa chaos,/watch?v=JpDTklaB5oc&pp=ygUabm92YWsgZGpva292aWMgZGVwb3J0YXRpb24%3D
"NOVAK DJOKOVIC Vs. AUSTRALIA | Deportation Just or Unjust ? | Visa, The Politics and The Role of ATP",/watch?v=piPKGpc8m_o&pp=ygUabm92YWsgZGpva292aWMgZGVwb3J0YXRpb24%3D
NOVAX Novak Djokovic DEPORTED & Kicked out of Australian open -40Yr Old Fuq Boyz Podcast- #92,/watch?v=-xi02h1Z_X4&pp=ygUabm92YWsgZGpva292aWMgZGVwb3J0YXRpb24%3D
Should Novak Djokovic be deported from Australia? | Mike Graham and Helen Dale,/watch?v=L42PLnUxyTs&pp=ygUabm92YWsgZGpva292aWMgZGVwb3J0YXRpb24%3D
The Life of Novak Djokovic,/watch?v=nXHNs4l7RcE&pp=ygUabm92YWsgZGpva292aWMgZGVwb3J0YXRpb24%3D
Tennis star Djokovic leaving Australia after losing deportation fight ‚Ä¢ FRANCE 24 English,/watch?v=utNdetdLpkE&pp=ygUabm92YWsgZGpva292aWMgZGVwb3J0YXRpb24%3D
Novak Djokovic to be deported after losing Australia visa battle | BBC,/watch?v=JSYt1nJCNrk&pp=ygUabm92YWsgZGpva292aWMgZGVwb3J0YXRpb24%3D
Novak Djokovic deported from Australia after losing last-ditch visa appeal | ITV News,/watch?v=c-uwpUDrEXw&pp=ygUabm92YWsgZGpva292aWMgZGVwb3J0YXRpb24%3D
This Player Mocked Novak Djokovic & Ended Up Getting Destroyed | Novak Djokovic GOD Mode,/watch?v=BdgGSNnew3U&pp=ygUabm92YWsgZGpva292aWMgZGVwb3J0YXRpb24%3D
Djokovic deported from Australia after losing court battle | AFP,/watch?v=cyZHEVAOpyk&pp=ygUabm92YWsgZGpva292aWMgZGVwb3J0YXRpb24%3D
Novak Djokovic awaiting outcome of his deportation order,/watch?v=gaT-HifK_Ao&pp=ygUabm92YWsgZGpva292aWMgZGVwb3J0YXRpb24%3D
Tennis Australia to review Australian Open preparation in wake of Djokovic's deportation | ABC News,/watch?v=vArq6GdNIOw&pp=ygUabm92YWsgZGpva292aWMgZGVwb3J0YXRpb24%3D
Novak Djokovic deported over vaccine mandate ahead of Australian Open,/watch?v=CC_L0_9PM_4&pp=ygUabm92YWsgZGpva292aWMgZGVwb3J0YXRpb24%3D
Novak Djokovic to miss Australian Open,/watch?v=nPiZCM9Kxzk&pp=ygUabm92YWsgZGpva292aWMgZGVwb3J0YXRpb24%3D
Djokovic loses fight against Australia deportation: court ruling | AFP,/watch?v=--D7lCN_mbM&pp=ygUabm92YWsgZGpva292aWMgZGVwb3J0YXRpb24%3D
Djokovic faces deportation after Federal Court throws out visa challenge | ABC News,/watch?v=C0KAFgS86LQ&pp=ygUabm92YWsgZGpva292aWMgZGVwb3J0YXRpb24%3D
Djokovic loses fight against Australia deportation,/watch?v=S42zj32wLik&pp=ygUabm92YWsgZGpva292aWMgZGVwb3J0YXRpb24%3D
Djokovic free but Australia deportation threat still looms ‚Ä¢ FRANCE 24 English,/watch?v=DB-MvpDo1Ko&pp=ygUabm92YWsgZGpva292aWMgZGVwb3J0YXRpb24%3D
"'Forgive, but can't forget deportation saga' Djokovic ready to play in Australia again",/shorts/kSfrhTTe0qo
Djokovic's deportation 'not a surprise',/watch?v=rAz9XAOCHSY&pp=ygUabm92YWsgZGpva292aWMgZGVwb3J0YXRpb24%3D
Djoker Returns: Novak Djokovic Returns To Melbourne After Being Deported A Year Ago,/watch?v=dPSm3eSVYW0&pp=ygUabm92YWsgZGpva292aWMgZGVwb3J0YXRpb24%3D
Novak Djokovic fans dismayed after Australian court upholds visa cancellation,/watch?v=Bzht7bFKQZM&pp=ygUabm92YWsgZGpva292aWMgZGVwb3J0YXRpb24%3D
Why Tennis Players Are SCARED Of Novak Djokovic..,/watch?v=jQ2krFB1W2M&pp=ygUabm92YWsgZGpva292aWMgZGVwb3J0YXRpb24%3D
Novak Djokovic‚Äôs visa cancelled by Australia for second time - BBC News,/watch?v=NGfZL9irqGU&pp=ygUabm92YWsgZGpva292aWMgZGVwb3J0YXRpb24%3D
"Australian court dismisses Djokovic appeal, tennis star deported",/watch?v=VStWE88RhpQ&pp=ygUabm92YWsgZGpva292aWMgZGVwb3J0YXRpb24%3D
Novak Djokovic wants to ‚Äòmove on‚Äô from deportation saga ahead of 2023 Australian Open | SBS News,/watch?v=u1wZ3PGS7jg&pp=ygUabm92YWsgZGpva292aWMgZGVwb3J0YXRpb24%3D
Novak Djokovic Deported from 2022 Australian Open!,/watch?v=NibSzO8vxd4&pp=ygUabm92YWsgZGpva292aWMgZGVwb3J0YXRpb24%3D
Djokovic arrives in Serbia after his deportation from Australia | ABC News,/watch?v=yPIPdCybzDk&pp=ygUabm92YWsgZGpva292aWMgZGVwb3J0YXRpb24%3D
"Novak Djokovic Rome Speech: ""We Are The Next Gen"" #Shorts",/shorts/fH4J2_gAa0A
Australian government still considering whether to deport Novak Djokovic | SBS News,/watch?v=Qw3YMFmZUhY&pp=ygUabm92YWsgZGpva292aWMgZGVwb3J0YXRpb24%3D
Australian judge agrees to delay tennis star Djokovic's deportation ‚Ä¢ FRANCE 24 English,/watch?v=23Ph9Whi8zI&pp=ygUabm92YWsgZGpva292aWMgZGVwb3J0YXRpb24%3D
Novak Djokovic is being deported from Australia | Rambo Parody,/watch?v=m3gayUwR-pc&pp=ygUabm92YWsgZGpva292aWMgZGVwb3J0YXRpb24%3D
Djokovic deported from Australia over vaccination status,/watch?v=69XXAilXRfQ&pp=ygUabm92YWsgZGpva292aWMgZGVwb3J0YXRpb24%3D
NOVAX Novak Djokovic DEPORTED & Kicked out of Australian open -40Yr Old Fuq Boyz Podcast- #92,/watch?v=-xi02h1Z_X4&pp=ygUabm92YWsgZGpva292aWMgZGVwb3J0YXRpb24%3D
Novak Djokovic faces being deported from Australia after his visa was cancelled.,/watch?v=pgzGtSXDzKU&pp=ygUabm92YWsgZGpva292aWMgZGVwb3J0YXRpb24%3D
Novak Djokovic Detained Ahead Of Deportation Appeal!!,/watch?v=1e9FWqixyhU&pp=ygUabm92YWsgZGpva292aWMgZGVwb3J0YXRpb24%3D
Open Comments - BBC Newsnight - Novak Djokovic to be deported after...,/watch?v=yOw_iEv0yp4&pp=ygUabm92YWsgZGpva292aWMgZGVwb3J0YXRpb24%3D
Novak Djokovic's Australian visa revoked again,/watch?v=VRtKCYruMvk&pp=ygUabm92YWsgZGpva292aWMgZGVwb3J0YXRpb24%3D
Reportedly Novak Djokovic Visa Revoked And Will Be Deported,/watch?v=nntl7veSHwg&pp=ygUabm92YWsgZGpva292aWMgZGVwb3J0YXRpb24%3D
Handling of Novak Djokovic's visa 'great disgrace for Australia',/watch?v=vq92Fhwt5lk&pp=ygUabm92YWsgZGpva292aWMgZGVwb3J0YXRpb24%3D
Novak Djokovic will be deported from Australia and is no longer able to defend his title in the,/watch?v=kL0Z3iZ-kUo&pp=ygUabm92YWsgZGpva292aWMgZGVwb3J0YXRpb24%3D
BREAKING Novak Djokovic Set To Be Deported From Australia,/watch?v=esjfpvihAU4&pp=ygUabm92YWsgZGpva292aWMgZGVwb3J0YXRpb24%3D
Djokovic arrives in Dubai after Australia deportation,/shorts/pqshdoa6r2Q
My Challenge To Australians Who Wanted Novak Djokovic Deported,/watch?v=NIS0dL3bJWc&pp=ygUabm92YWsgZGpva292aWMgZGVwb3J0YXRpb24%3D
Novak Djokovic returned to Park Hotel detention facility,/watch?v=PWYqtlCqAFo&pp=ygUabm92YWsgZGpva292aWMgZGVwb3J0YXRpb24%3D
"Australia cancels Novak Djokovic‚Äôs visa again, agrees to delay deportation| World English News| WION",/watch?v=ocsSaVGQ4vU&pp=ygUabm92YWsgZGpva292aWMgZGVwb3J0YXRpb24%3D
"Australia wanted to 'humiliate' Novak Djokovic, says player's father",/watch?v=i73UnXWNSWw&pp=ygUabm92YWsgZGpva292aWMgZGVwb3J0YXRpb24%3D
Novak Djokovic Deported From Australia,/shorts/pZOrZjSLWYM
BREAKING NEWS: Novak Djokovic is set to be deported from Australia - Sport Insider,/watch?v=fUsSmq7757c&pp=ygUabm92YWsgZGpva292aWMgZGVwb3J0YXRpb24%3D
#Novak #Djokovic #deportation from Australia may be just the start of his struggles to enter major,/shorts/PLQDk9ylKqE
Djokovic is deported,/watch?v=8yH7HQotgzQ&pp=ygUabm92YWsgZGpva292aWMgZGVwb3J0YXRpb24%3D
Novak Djokovic Australian Open deportation- reactions #shorts,/shorts/OV1TtodC7e4
"Novak Djokovic is set to be DEPORTED as his visa is CANCELLED for the second time, throwing Australi",/watch?v=WrDOOeLKUEg&pp=ygUabm92YWsgZGpva292aWMgZGVwb3J0YXRpb24%3D
DEPORTED: NOVAK DJOKOVIC! WELL DONE AUSTRALIA. üíñ follow the rules or GET OUT! i said what i said.,/watch?v=1gmdgJ___Yc&pp=ygUabm92YWsgZGpva292aWMgZGVwb3J0YXRpb24%3D
"Novak Djokovic Lands In Dubai After Deportation From Australia, Fans Rush For Selfie #shorts",/shorts/MZjI3NjsWzg
Australia Cancels Novak Djokovic's Visa For 2nd Time | Djoko To Be Deported?,/watch?v=CgwLVIoI0es&pp=ygUabm92YWsgZGpva292aWMgZGVwb3J0YXRpb24%3D
AUSTRALIAN OPEN: Games start after Djokovic deported over visa dispute,/watch?v=rnytQimitDA&pp=ygUabm92YWsgZGpva292aWMgZGVwb3J0YXRpb24%3D
Novak is back! Djokovic trains in Adelaide after making return to AustraliaÔΩúTennisÔΩú#AusOpen #AO2023,/watch?v=Zlz1ywxP1EU&pp=ygUabm92YWsgZGpva292aWMgZGVwb3J0YXRpb24%3D
"Novak Djokovic loses Australian visa appeal, to be deported",/watch?v=FGAVsLCySWQ&pp=ygUabm92YWsgZGpva292aWMgZGVwb3J0YXRpb24%3D
Novak Djokovic Aus Open controversy: Who said what | Reactions | COVID-19 | Deportation,/watch?v=zb7oCclMolA&pp=ygUabm92YWsgZGpva292aWMgZGVwb3J0YXRpb24%3D
Novak Djokovic remains in legal limbo after dodging immediate deportation | 7NEWS,/watch?v=9yJuq3DcsD0&pp=ygUabm92YWsgZGpva292aWMgZGVwb3J0YXRpb24%3D
"Novak Djokovic's visa revoked again, faces deportation from Australia",/watch?v=zZAdT8KJvZs&pp=ygUabm92YWsgZGpva292aWMgZGVwb3J0YXRpb24%3D
Djokovic deported from Australia,/watch?v=A02d1JKjKbM&pp=ygUabm92YWsgZGpva292aWMgZGVwb3J0YXRpb24%3D
Novak Djokovic has an 'air of arrogance' says Hannah Hope,/watch?v=6zMsyc7Tiik&pp=ygUabm92YWsgZGpva292aWMgZGVwb3J0YXRpb24%3D
Iran International: Reza Nakhai Interview Re:Novak Djokovic deported from Australia,/watch?v=bFb_PYvQB3A&pp=ygUabm92YWsgZGpva292aWMgZGVwb3J0YXRpb24%3D
Novak Djokovic took to Instagram Stories to thank his fans amid threat of deportation from Australia,/shorts/urZkD0XRjeo
What‚Äôs on World Wide Campus? - Novak Djokovic detained by Australian border agency,/watch?v=rkJNkayr4Xg&pp=ygUabm92YWsgZGpva292aWMgZGVwb3J0YXRpb24%3D
"Exemption, detention and deportation ‚Äì Novak Djokovic‚Äôs Australian Open saga",/watch?v=t-KrnnVf8Rs&pp=ygUabm92YWsgZGpva292aWMgZGVwb3J0YXRpb24%3D
Novak Djokovic finally deported from Australia after losing final appeal over visa,/watch?v=frbYfKgidis&pp=ygUabm92YWsgZGpva292aWMgZGVwb3J0YXRpb24%3D
Novak Djokovic vs Luka Van Assche Highlights | Banja Luka 2023,/watch?v=2Hj1UAtbBAo&pp=ygUabm92YWsgZGpva292aWMgZGVwb3J0YXRpb24%3D
How Djokovic was when he got deported from Australia,/shorts/2r_iP7fpaAA
Twitter reacts to Novak Djokovic DEPORTATION possibility,/watch?v=HGnHkjxcF_8&pp=ygUabm92YWsgZGpva292aWMgZGVwb3J0YXRpb24%3D
Novak Djokovic loses bid to stay in Australia | 9 News Australia,/watch?v=Dwn59jgrryo&pp=ygUabm92YWsgZGpva292aWMgZGVwb3J0YXRpb24%3D
Djokovic loses bid to overturn deportation #novakdjokovic,/watch?v=BLdLhYQIf9U&pp=ygUabm92YWsgZGpva292aWMgZGVwb3J0YXRpb24%3D
Novak Djokovic is deported from Australia following failed visa appeal,/watch?v=WfNVtG4c3Es&pp=ygUabm92YWsgZGpva292aWMgZGVwb3J0YXRpb24%3D
Novak Djokovic: Tennis star detained ahead of deportation appeal | latest news,/watch?v=8QJaMp6IXjg&pp=ygUabm92YWsgZGpva292aWMgZGVwb3J0YXRpb24%3D
Serbian President reacts to Novak Djokovic deportation,/watch?v=VGdAwPUjnt0&pp=ygUabm92YWsgZGpva292aWMgZGVwb3J0YXRpb24%3D
Watch again: Novak Djokovic holds news conference in Australia a year after deportation,/watch?v=Gh3XSBVqeAY&pp=ygUabm92YWsgZGpva292aWMgZGVwb3J0YXRpb24%3D
Djokovic was essentially deported for ‚Äòthought crimes‚Äô: Panahi,/watch?v=lp2bHYhqJqg&pp=ygUabm92YWsgZGpva292aWMgZGVwb3J0YXRpb24%3D
HEADLINES: Novak Djokovic Deportation Reasoning Given,/watch?v=PFeD4V9wt98&pp=ygUabm92YWsgZGpva292aWMgZGVwb3J0YXRpb24%3D
Novak Djokovic out of Australian Open to be deported after losing visa,/watch?v=KemZ0fcQNOk&pp=ygUabm92YWsgZGpva292aWMgZGVwb3J0YXRpb24%3D
Novak Djokovic has been deported from Australia after losing a bid to overturn his visa cancellation,/watch?v=5zXvDQHFxZU&pp=ygUabm92YWsgZGpva292aWMgZGVwb3J0YXRpb24%3D
"Djokovic LOSES Court Battle, Will Be DEPORTED (No More Appeals)",/watch?v=Irsvm4rcZ4c&pp=ygUabm92YWsgZGpva292aWMgZGVwb3J0YXRpb24%3D
"Novak Djokovic After LOSS ""I'm happy for Lajovic"" - SO 2023",/watch?v=rWPaFlASLpM&pp=ygUabm92YWsgZGpva292aWMgZGVwb3J0YXRpb24%3D
Serbian president Aleksandar Vuƒçiƒá criticises Australia on Novak Djokovic visa ruling,/watch?v=VLz50gCljv0&pp=ygUabm92YWsgZGpva292aWMgZGVwb3J0YXRpb24%3D
Tennis star Novak Djokovic faces deportation after Australia revokes visa again,/watch?v=f5LKAeaVCgA&pp=ygUabm92YWsgZGpva292aWMgZGVwb3J0YXRpb24%3D
Djokovic training on tennis court in Melbourne despite deportation threat,/watch?v=x2Ct-mj6eqU&pp=ygUabm92YWsgZGpva292aWMgZGVwb3J0YXRpb24%3D
Novak Djokovic on flight back to Serbia,/watch?v=N3JEbNQTRsE&pp=ygUabm92YWsgZGpva292aWMgZGVwb3J0YXRpb24%3D
How Novak Djokovic Should Get In The Country,/shorts/Fo8BpOey0iw
Novak Djokovic Tennis star detained ahead of deportation appeal | australia cancels novak djokovic‚Äôs,/watch?v=_1yrA8x1KDM&pp=ygUabm92YWsgZGpva292aWMgZGVwb3J0YXRpb24%3D
"""Goodbye champ, Australian open will miss you"": Court confirmed Djokovic's deportation & 3 years ban",/watch?v=XTNj1POjflw&pp=ygUabm92YWsgZGpva292aWMgZGVwb3J0YXRpb24%3D
Novak Djokovic Arrives Back In Serbia After Deportation | World Latest News | Australian Open 2022,/shorts/QIPT5_fBPBU
Serbia Seething Over Novak Djokovic Deportation From Australia Ahead of The Australian Open,/watch?v=CnBO-IsWG4w&pp=ygUabm92YWsgZGpva292aWMgZGVwb3J0YXRpb24%3D
Djokovic Dominance | The Story Of Novak Djokovic's 2011 & 2015 Seasons,/watch?v=ePk5CARG61c&pp=ygUabm92YWsgZGpva292aWMgZGVwb3J0YXRpb24%3D
Novak Djokovic breaks his silence after dramatic deportation,/watch?v=jWI2NsVaTjI&pp=ygUabm92YWsgZGpva292aWMgZGVwb3J0YXRpb24%3D
Djokovic lands in Serbia after Australia deportation,/watch?v=XbCczQBL0AE&pp=ygUabm92YWsgZGpva292aWMgZGVwb3J0YXRpb24%3D
Novak Djokovic forgets who his opponent is! | Wide World of Sports,/watch?v=gK2sI5g3piE&pp=ygUabm92YWsgZGpva292aWMgZGVwb3J0YXRpb24%3D
Novak Djokovic reclaims tennis world ranking following Australian Open finals | 9 News Australia,/watch?v=kVVk1jOHhvY&pp=ygUabm92YWsgZGpva292aWMgZGVwb3J0YXRpb24%3D
Novak Djokovic Saga Sees Czech Player Renata Vor√°ƒçov√° Deported From Australia,/watch?v=a4DjBVnwYTQ&pp=ygUabm92YWsgZGpva292aWMgZGVwb3J0YXRpb24%3D
Novak Djokovic Back in Court to Fight Deportation From Australia ‚Äì The Hollywood Reporter,/watch?v=RHfmi17O6yY&pp=ygUabm92YWsgZGpva292aWMgZGVwb3J0YXRpb24%3D
New survey shows majority of Australians want Djokovic deported,/watch?v=IN7IhHKBPlw&pp=ygUabm92YWsgZGpva292aWMgZGVwb3J0YXRpb24%3D
Viral memes of Novak Djokovic visa deportation Australia that storm internet and twitter,/watch?v=-BRxRY3kuoU&pp=ygUabm92YWsgZGpva292aWMgZGVwb3J0YXRpb24%3D
BBC Persian: Reza Nakhai Interview Re:Novak Djokovic deported from Australia,/watch?v=gih8dAudXGI&pp=ygUabm92YWsgZGpva292aWMgZGVwb3J0YXRpb24%3D
Novak Djokovic news LIVE: Tennis star faces deportation after losing appeal over Australian visa,/watch?v=Rm-dqHCxEJY&pp=ygUabm92YWsgZGpva292aWMgZGVwb3J0YXRpb24%3D
Tennis Star Novak Djokovic Deported From Australia Over COVID-19 Vaccine Medical Exemption,/watch?v=uZKjXQ2dHfg&pp=ygUabm92YWsgZGpva292aWMgZGVwb3J0YXRpb24%3D
Djokovic detained ahead of Australian visa appeal - BBC News,/watch?v=2nLcrhISWIs&pp=ygUabm92YWsgZGpva292aWMgZGVwb3J0YXRpb24%3D
LIVE: Novak Djokovic Faces Deportation Ahead of Australian Open,/watch?v=4slUlqEMZyg&pp=ygUabm92YWsgZGpva292aWMgZGVwb3J0YXRpb24%3D
"Novak Djokovic ""I would like to be Kyrgios's coach"" - SO 2023",/watch?v=F_sRXrNQRhM&pp=ygUabm92YWsgZGpva292aWMgZGVwb3J0YXRpb24%3D
Novak Djokovic Will Be Deported From Australia After Losing Appeal,/watch?v=se-2apqH24U&pp=ygUabm92YWsgZGpva292aWMgZGVwb3J0YXRpb24%3D
Serbian president denounces Australia 'witch hunt' after Djokovic deportation | AFP,/watch?v=hj824pmr85I&pp=ygUabm92YWsgZGpva292aWMgZGVwb3J0YXRpb24%3D
Novak Djokovic Press Conference | Australian Open 2023 Final,/watch?v=JOq0oYoBBkA&pp=ygUabm92YWsgZGpva292aWMgZGVwb3J0YXRpb24%3D
Novak Djokovic deported from Australia after losing appeal over visa,/watch?v=A9_Lbh73h8I&pp=ygUabm92YWsgZGpva292aWMgZGVwb3J0YXRpb24%3D
World No.1 Novak Djokovic Appeals In Court Against Australia Deportation | Breaking News,/watch?v=7mNSwA78T4c&pp=ygUabm92YWsgZGpva292aWMgZGVwb3J0YXRpb24%3D
Dawn News Headlines | 3:00 PM | Why Exactly Was Novak Djokovic Deported From Australia? | 6 Jan 2022,/watch?v=-trlEomAAZE&pp=ygUabm92YWsgZGpva292aWMgZGVwb3J0YXRpb24%3D
Novak Djokovic Faces Deportation From Australia,/watch?v=337pU8Z_LXY&pp=ygUabm92YWsgZGpva292aWMgZGVwb3J0YXRpb24%3D
Novak Djokovic not just out form Australian open...World No.1 Deported from Australia,/watch?v=nfrAm3FHlB0&pp=ygUabm92YWsgZGpva292aWMgZGVwb3J0YXRpb24%3D
Australian gov‚Äôt cancels Novak Djokovic‚Äôs visa for second time,/watch?v=6G237ly3lro&pp=ygUabm92YWsgZGpva292aWMgZGVwb3J0YXRpb24%3D
Reaction to Djokovic DEPORTED,/watch?v=LMWe_SAMnLE&pp=ygUabm92YWsgZGpva292aWMgZGVwb3J0YXRpb24%3D
Novak Djokovic to be DEPORTED as his visa is cancelled,/watch?v=AQVzjKZXWgk&pp=ygUabm92YWsgZGpva292aWMgZGVwb3J0YXRpb24%3D
Novak Djokovic's French Open hopes under threat,/watch?v=E5dZzF7ZY08&pp=ygUabm92YWsgZGpva292aWMgZGVwb3J0YXRpb24%3D
Jim Courier: In Australia Novak Djokovic was Victim,/watch?v=umBeE1lMHZk&pp=ygUabm92YWsgZGpva292aWMgZGVwb3J0YXRpb24%3D
‚ÄòRules are rules‚Äô: Australia denies entry to Novak Djokovic,/watch?v=q9q5jnjxcRE&pp=ygUabm92YWsgZGpva292aWMgZGVwb3J0YXRpb24%3D
Novak Djokovic Deported From Australia | The Daily Show With Trevor Noah,/watch?v=9xhqbd4la5E&pp=ygUabm92YWsgZGpva292aWMgZGVwb3J0YXRpb24%3D
Novak Djokovic will not play Australian open,/watch?v=KNMEIncVXHg&pp=ygUabm92YWsgZGpva292aWMgZGVwb3J0YXRpb24%3D
Novak Djokovic Has Gone Off The Deep End,/watch?v=I04LIleQk6c&pp=ygUabm92YWsgZGpva292aWMgZGVwb3J0YXRpb24%3D
Novak Djokovic attracts record crowd to Adelaide International | 7NEWS,/watch?v=sd-__FSOG8Y&pp=ygUabm92YWsgZGpva292aWMgZGVwb3J0YXRpb24%3D
Djokovic held in 'immigration facility' while awaiting decision on Australia deportation | ITV News,/watch?v=pPjZHwBw7xs&pp=ygUabm92YWsgZGpva292aWMgZGVwb3J0YXRpb24%3D
"Big Win For Novak Djokovic In Australia Deportation Case, Court Orders Release From Detention",/watch?v=iIJd_ERp6mY&pp=ygUabm92YWsgZGpva292aWMgZGVwb3J0YXRpb24%3D
Open Comments - BBC Newsnight - Novak Djokovic deported after losin...,/watch?v=ajdAx-KZ8r4&pp=ygUabm92YWsgZGpva292aWMgZGVwb3J0YXRpb24%3D
Novak Djokovic loses his appeal at Australian Federal Court and will be deported |5startv,/watch?v=vudcgjMSveE&pp=ygUabm92YWsgZGpva292aWMgZGVwb3J0YXRpb24%3D
Djokovic loses bid to defend Australian Open title and gets deported over his COVID vaccine status,/watch?v=gGoI4wKzzSE&pp=ygUabm92YWsgZGpva292aWMgZGVwb3J0YXRpb24%3D
Novak Djokovic visa cancelled!,/shorts/JMpp5pDf3_g
Novak Djokovic leaving Australia...,/shorts/oFBT8-JmNMI
Tennis star Djokovic lands in Dubai after Australia deportation,/watch?v=O7sTvc91mNw&pp=ygUabm92YWsgZGpva292aWMgZGVwb3J0YXRpb24%3D
Novak Djokovic deported from Australia. zero empathy for him and people like him #shorts #djokovic,/watch?v=UCNEkY1axaQ&pp=ygUabm92YWsgZGpva292aWMgZGVwb3J0YXRpb24%3D
Novak Djokovic kicked-out from Australian open: Australian government trying to deport Djokovic,/watch?v=zJHWjfzj9mg&pp=ygUabm92YWsgZGpva292aWMgZGVwb3J0YXRpb24%3D
"Novak Djokovic could face French Open ban, Tennis Australia fallout | Today Show Australia",/watch?v=gHpXQmeWo1M&pp=ygUabm92YWsgZGpva292aWMgZGVwb3J0YXRpb24%3D
Novak Djokovic lands home in Serbia  | 7NEWS,/watch?v=wzujhALd2PE&pp=ygUabm92YWsgZGpva292aWMgZGVwb3J0YXRpb24%3D
Djokovic Deported From Australia Australian Open Tennis,/watch?v=VdUDM0YhP58&pp=ygUabm92YWsgZGpva292aWMgZGVwb3J0YXRpb24%3D
"Novak Djokovic loses legal fight over deportation, flies out of Australia",/watch?v=2fHThy5FcBk&pp=ygUabm92YWsgZGpva292aWMgZGVwb3J0YXRpb24%3D
Novak Djokovic deported from australia,/watch?v=94YxbroUcUE&pp=ygUabm92YWsgZGpva292aWMgZGVwb3J0YXRpb24%3D
Tennis star Novak Djokovic deported from Australia after lengthy visa saga,/watch?v=278-F3sTzus&pp=ygUabm92YWsgZGpva292aWMgZGVwb3J0YXRpb24%3D
The truth about Novak Djokovic.,/watch?v=t-33w1Kf0Mg&pp=ygUabm92YWsgZGpva292aWMgZGVwb3J0YXRpb24%3D
Australia revokes Novak Djokovic's visa for a second time | DW News,/watch?v=Bs-JGyQxyIo&pp=ygUabm92YWsgZGpva292aWMgZGVwb3J0YXRpb24%3D
Novak Djokovic subject to three-year ‚Äòexclusion‚Äô from Australia,/watch?v=qoPMswCzBT4&pp=ygUabm92YWsgZGpva292aWMgZGVwb3J0YXRpb24%3D
Novak Djokovic returned to competition for the first time since his deportation from Australia,/watch?v=FBuBr8B15AI&pp=ygUabm92YWsgZGpva292aWMgZGVwb3J0YXRpb24%3D
Tennis Australia Speaks Out About Novak Djokovic's Visa Saga,/watch?v=YgXLRv5Gtd4&pp=ygUabm92YWsgZGpva292aWMgZGVwb3J0YXRpb24%3D
Novak Djokovic Visa getting revoked and is now getting Deported,/watch?v=Gsr1Yv2Supg&pp=ygUabm92YWsgZGpva292aWMgZGVwb3J0YXRpb24%3D
Novak Djokovic Back To Detention Hotel | SPORTS,/watch?v=tJfiO6aCTK0&pp=ygUabm92YWsgZGpva292aWMgZGVwb3J0YXRpb24%3D
Novak Djokovic leaves Australia after losing visa appeal l GMA,/watch?v=TQqGNPJLc24&pp=ygUabm92YWsgZGpva292aWMgZGVwb3J0YXRpb24%3D
Novak Djokovic wins Australian Open | Matt Le Tissier reacts,/watch?v=Ild_fsvYTEg&pp=ygUabm92YWsgZGpva292aWMgZGVwb3J0YXRpb24%3D
Djokovic's deportation shakes tennis world,/watch?v=3Z7r7qO13Xw&pp=ygUabm92YWsgZGpva292aWMgZGVwb3J0YXRpb24%3D
Gravitas: Court overturns Djokovic deportation bid,/watch?v=caJ7tN5QsmU&pp=ygUabm92YWsgZGpva292aWMgZGVwb3J0YXRpb24%3D
"Novak Djokovic Deported From Australia, Inadvertently Creates a Martyr | French Bar Entry Too",/watch?v=DlXuWuDdCls&pp=ygUabm92YWsgZGpva292aWMgZGVwb3J0YXRpb24%3D
Tennis Star Novak Djokovic Admits To False Statement On Australia Travel Documents,/watch?v=TYVaqH7QxBI&pp=ygUabm92YWsgZGpva292aWMgZGVwb3J0YXRpb24%3D
Novak Djokovic‚Äôs Australian Open Out of Body Experience | The Jonathan Ross Show,/watch?v=Ht5uBXRMGBM&pp=ygUabm92YWsgZGpva292aWMgZGVwb3J0YXRpb24%3D
The REAL Reason why Djokovic can't enter Australia EXPOSED | Nadal Comments on Novak‚Äôs Deportation,/watch?v=-WP9ye8QArk&pp=ygUabm92YWsgZGpva292aWMgZGVwb3J0YXRpb24%3D
What Tennis Players Actually Think of Novak Djokovic,/watch?v=tcQ2EpUBZ4M&pp=ygUabm92YWsgZGpva292aWMgZGVwb3J0YXRpb24%3D
Federal Court Releases Reasons for Novak Djokovic Visa Decision,/watch?v=q9y6d6r0SCA&pp=ygUabm92YWsgZGpva292aWMgZGVwb3J0YXRpb24%3D
People's anger towards Novak Djokovic was ‚Äòmisdirected‚Äô: Rita Panahi,/watch?v=cZH4KH2Lhi0&pp=ygUabm92YWsgZGpva292aWMgZGVwb3J0YXRpb24%3D
Australian government revokes Novak Djokovic's visa for a second time | Australia Immigration News,/watch?v=KRVtkmBSs8s&pp=ygUabm92YWsgZGpva292aWMgZGVwb3J0YXRpb24%3D
Novak Djokovic: Tennis star deported after losing Australia visa battle,/watch?v=pVLhBxFUrxY&pp=ygUabm92YWsgZGpva292aWMgZGVwb3J0YXRpb24%3D
"ESPN's Chris Fowler, John McEnroe have awkward exchange over Novak Djokovic's 'choices' after Aussie",/watch?v=ETIklGpYc8g&pp=ygUabm92YWsgZGpva292aWMgZGVwb3J0YXRpb24%3D
Novak Djokovic‚Äôs Failed Tournament | Adria Tour,/watch?v=C9O6LVLEsTY&pp=ygUabm92YWsgZGpva292aWMgZGVwb3J0YXRpb24%3D
Novak Djokovic is STILL Banned From Coming to America Because He Didn't Get the COVID Vaccine?!,/watch?v=4RWM9ZK1Mfk&pp=ygUabm92YWsgZGpva292aWMgZGVwb3J0YXRpb24%3D
Novak Djokovic explodes over visa question (or does he?) | Guess Whom 2022,/watch?v=rgO93Ly_S8Q&pp=ygUabm92YWsgZGpva292aWMgZGVwb3J0YXRpb24%3D
Novak Djokovic Out From Australian Open And Set To Be Deported!!,/watch?v=fYdSwsasfjk&pp=ygUabm92YWsgZGpva292aWMgZGVwb3J0YXRpb24%3D
Djokovic‚Äôs Lawyers Launch Legal Bid To Prevent His Deportation From,/watch?v=XDwuego34pQ&pp=ygUabm92YWsgZGpva292aWMgZGVwb3J0YXRpb24%3D
Of Defiance and Deportation : Djokovic and The Australian Open 2022,/watch?v=lT3kEPPVebo&pp=ygUabm92YWsgZGpva292aWMgZGVwb3J0YXRpb24%3D
Novak Djokovic vs Ivan Gakhov ENTERTAINING Match | Monte Carlo 2023 Highlights,/watch?v=f1W7X8dRdxM&pp=ygUabm92YWsgZGpva292aWMgZGVwb3J0YXRpb24%3D
Novak Djokovic arrives back in Belgrade after deportation from Australia - OPEN NEWS,/watch?v=fUcJsNxL0Qc&pp=ygUabm92YWsgZGpva292aWMgZGVwb3J0YXRpb24%3D
"Novak Djokovic Court Level Practice 2023 | Groundstrokes, Serves, Volleys + Warmup (4K 60FPS)",/watch?v=DGIkkdxMrWc&pp=ygUabm92YWsgZGpva292aWMgZGVwb3J0YXRpb24%3D
Tennis star Djokovic faces deportation after Australian authorities revoked their visa again,/watch?v=z6Orz1fJl5A&pp=ygUabm92YWsgZGpva292aWMgZGVwb3J0YXRpb24%3D
NOVAK DJOKOVIC WILL BE DEPORTED WEEE CELEBRATE THE LATEST NEWS BABY WEEE,/shorts/oxk02JjW4dc
Novak Djokovic set to be deported from Australia following failed visa,/watch?v=zvWIfwY7gZY&pp=ygUabm92YWsgZGpva292aWMgZGVwb3J0YXRpb24%3D
Novak Djokovic HOPING for positive REACTION on Australian RETURN,/watch?v=ZHeqzssQtK0&pp=ygUabm92YWsgZGpva292aWMgZGVwb3J0YXRpb24%3D
"Novak Djokovic Wins Case, Australia Judge Orders Release, Could Yet Be Deported",/watch?v=eHsnj059Aso&pp=ygUabm92YWsgZGpva292aWMgZGVwb3J0YXRpb24%3D
##Novak Djokovic#2# deported#####,/watch?v=HzJqlTApEkI&pp=ygUabm92YWsgZGpva292aWMgZGVwb3J0YXRpb24%3D
"Djoker jokes (Part 6): Australia cancels Novak Djokovic‚Äôs visa again, setting stage for deportation",/watch?v=PuW-9gJvCD0&pp=ygUabm92YWsgZGpva292aWMgZGVwb3J0YXRpb24%3D
Novak Djokovic: Australia has been 'over the top' says Kate Hoey,/watch?v=xWkpIG6iNOE&pp=ygUabm92YWsgZGpva292aWMgZGVwb3J0YXRpb24%3D
Stefanos Tsitsipas v Novak Djokovic Full Match | Australian Open 2023 Final,/watch?v=FE2or3g488o&pp=ygUabm92YWsgZGpva292aWMgZGVwb3J0YXRpb24%3D
How Novak Djokovic's Deportation Made Him A BETTER Player..,/watch?v=vQqokeBcnSw&pp=ygUabm92YWsgZGpva292aWMgZGVwb3J0YXRpb24%3D
Djokovic deported from Australia after losing court battle,/watch?v=OrCzm2VQlS4&pp=ygUabm92YWsgZGpva292aWMgZGVwb3J0YXRpb24%3D
The last time Djokovic played in Melbourne - 2021 Australian Open | Wide World of Sports,/watch?v=JK0Z8lSOgfY&pp=ygUabm92YWsgZGpva292aWMgZGVwb3J0YXRpb24%3D
Djokovic can't forget Australian deportation but wants to move on | WION Shorts,/shorts/xJSrDEUz6FQ
'Novak is the best!' Serbians proud as Djokovic wins 10th Australia Open a year on after deportation,/watch?v=4IMtiT8AmB8&pp=ygUabm92YWsgZGpva292aWMgZGVwb3J0YXRpb24%3D
Glad Novak Djokovic has had his visa canceled again. Now deport him! Weee,/shorts/eDfAStlV5Ag
Novak Djokovic to be deported after losing Federal Court case,/watch?v=FhTrMg6L30E&pp=ygUabm92YWsgZGpva292aWMgZGVwb3J0YXRpb24%3D
Novak Djokovic Gets Deported from Australia|Nick Kyrgios vs. Daniil Medvedev Part 1|AO Tennis 2,/watch?v=aUR0-tbt_o8&pp=ygUabm92YWsgZGpva292aWMgZGVwb3J0YXRpb24%3D
Novak Djokovic vs Roger Federer | Wimbledon 2019 | Full Match,/watch?v=TUikJi0Qhhw&pp=ygUabm92YWsgZGpva292aWMgZGVwb3J0YXRpb24%3D
Piers Morgan praises Australia's choice to deport Novak Djokovic 'Same rules as everyone',/watch?v=up6D-ANMUTY&pp=ygUabm92YWsgZGpva292aWMgZGVwb3J0YXRpb24%3D
Novak Djokovic makes a last-ditch legal shot | || Buzztronic #shorts,/watch?v=PAf4LbbNVz8&pp=ygUabm92YWsgZGpva292aWMgZGVwb3J0YXRpb24%3D
How did Novak Djokovic's visa get revoked ahead of the Australian Open Novak Djokovics Visa cancel,/watch?v=vrCKrhzmFgU&pp=ygUabm92YWsgZGpva292aWMgZGVwb3J0YXRpb24%3D
REVEALED: Real reason behind Novak Djokovic's visa cancellation - Sport Insider,/watch?v=CByK9zsZ1_g&pp=ygUabm92YWsgZGpva292aWMgZGVwb3J0YXRpb24%3D
AS IT HAPPENED: Federal Court hands down decision on Novak Djokovic visa | ABC News,/watch?v=kmUM-jPXXIA&pp=ygUabm92YWsgZGpva292aWMgZGVwb3J0YXRpb24%3D
BREAKING Novak Djokovic likely to be deported today #breakingnews #tennis #novakdjokovic #shorts,/shorts/8mtToCPq0j8
The Novak Djokovic Australian Open Situation...,/watch?v=sXGspkqrbfk&pp=ygUabm92YWsgZGpva292aWMgZGVwb3J0YXRpb24%3D
Novak Djokovic Supporters Protest at Australia Open,/watch?v=Pd2g9pJsxmY&pp=ygUabm92YWsgZGpva292aWMgZGVwb3J0YXRpb24%3D
John McEnroe slams Australia over Novak Djokovic deportation: ‚ÄòIt‚Äôs to,/watch?v=uipyW5XFgkA&pp=ygUabm92YWsgZGpva292aWMgZGVwb3J0YXRpb24%3D
Novak Djokovic Credits Diet for His Success,/watch?v=uj2VlfpLwyM&pp=ygUabm92YWsgZGpva292aWMgZGVwb3J0YXRpb24%3D
Novak Djokovic could be deported from Australia on Monday and faces French Open ban from E Macron,/watch?v=yT6tHBzZZKo&pp=ygUabm92YWsgZGpva292aWMgZGVwb3J0YXRpb24%3D
Australian Open 2022: Revisiting Novak Djokovic's view on COVID-19 vaccines amid deportation,/watch?v=E9KQjlo2k4Q&pp=ygUabm92YWsgZGpva292aWMgZGVwb3J0YXRpb24%3D
Greek tennis star Stefanos Tsitsipas wades into the Novak Djokovic's vaccination controversy | WION,/watch?v=8A28be8buZs&pp=ygUabm92YWsgZGpva292aWMgZGVwb3J0YXRpb24%3D
Novak Djokovic arrives in Serbia as French Open organisers deliver devastating blow | 7NEWS,/watch?v=x-yUY3zBaNY&pp=ygUabm92YWsgZGpva292aWMgZGVwb3J0YXRpb24%3D
Australian Federal Court Makes Final Decision on Novak Djokovic visa,/watch?v=Nc343th9XLI&pp=ygUabm92YWsgZGpva292aWMgZGVwb3J0YXRpb24%3D
Novak Djokovic is Not the Anti - Vax Hero,/watch?v=PM2lPi85tB4&pp=ygUabm92YWsgZGpva292aWMgZGVwb3J0YXRpb24%3D
"Australian government cancels visa for tennis star Novak Djokovic, announces deportation on next",/watch?v=yjlplzCZUVc&pp=ygUabm92YWsgZGpva292aWMgZGVwb3J0YXRpb24%3D
Novak Djokovic press conference Belgrade,/watch?v=d57jMSrXwBM&pp=ygUabm92YWsgZGpva292aWMgZGVwb3J0YXRpb24%3D
üéæDjokovic DEPORTED from Australia - VISA Cancelled & Huge Doubt To Play Australian Open 2022!,/watch?v=_RR9ejys4u8&pp=ygUabm92YWsgZGpva292aWMgZGVwb3J0YXRpb24%3D
Novak Djokovic lands in Serbia to a hero's welcome following deportation from Australia,/watch?v=32cyz-wkeZM&pp=ygUabm92YWsgZGpva292aWMgZGVwb3J0YXRpb24%3D
"News: Djokovic breaks his silence on vaccine, deportation, missing tournaments‚Ä¶",/watch?v=bAk-Rdg0cCA&pp=ygUabm92YWsgZGpva292aWMgZGVwb3J0YXRpb24%3D
John McEnroe sues caution to Novak Djokovic on eve of Australian Open deportation saga,/watch?v=1cxrWvHLZ00&pp=ygUabm92YWsgZGpva292aWMgZGVwb3J0YXRpb24%3D
Novak Djokovic Reveals his SECRET for Mental Strength,/watch?v=iY96ZSFuprY&pp=ygUabm92YWsgZGpva292aWMgZGVwb3J0YXRpb24%3D
Novak Djokovic Prepares To Speak About His Deportation From Australia,/watch?v=Z_q4oKQN3hI&pp=ygUabm92YWsgZGpva292aWMgZGVwb3J0YXRpb24%3D
Novak Djokovic: Tennis star detained ahead of deportation appeal,/watch?v=I08r1wZv0Rg&pp=ygUabm92YWsgZGpva292aWMgZGVwb3J0YXRpb24%3D
Novak Djokovic faces deportation after Australian government revokes his visa for a second time,/watch?v=Y_mOwFlPC1w&pp=ygUabm92YWsgZGpva292aWMgZGVwb3J0YXRpb24%3D
‚ÄòExtremely disappointed‚Ä¶‚Äô: Tennis star Novak Djokovic deported from Australia; Loses visa appeal,/watch?v=LhD6SquJm6I&pp=ygUabm92YWsgZGpva292aWMgZGVwb3J0YXRpb24%3D
Novak Djokovic faces deportation after Australian government revokes his visa for a second time,/watch?v=wAeCKegjvE8&pp=ygUabm92YWsgZGpva292aWMgZGVwb3J0YXRpb24%3D
"Australian Federal Court upholds decision to cancel Novak Djokovic visa, deportation expected",/watch?v=WnGVknD-0IM&pp=ygUabm92YWsgZGpva292aWMgZGVwb3J0YXRpb24%3D
[Latest]Novak Djokovic says deportation from Australia helped him 'achieve some great results',/watch?v=28BBwbEhqXM&pp=ygUabm92YWsgZGpva292aWMgZGVwb3J0YXRpb24%3D
How Djokovic Went From Good to Unbeatable in 1 Year,/watch?v=MpnETtO3er4&pp=ygUabm92YWsgZGpva292aWMgZGVwb3J0YXRpb24%3D
Novak Djokovic returns to Australia after deportation saga,/watch?v=cGXDDIvVEKo&pp=ygUabm92YWsgZGpva292aWMgZGVwb3J0YXRpb24%3D
Novak Djokovic situation explained World No  1 deported a day before 2022,/watch?v=LABgA3_W_Zk&pp=ygUabm92YWsgZGpva292aWMgZGVwb3J0YXRpb24%3D
Novak Djokovic leaves Australia after winning Australian Open 2023. Like and subscribe!,/shorts/fSLdRxnlZOE
Novak Djokovic in my opinion is a Covid crim and I hope he‚Äôs deported and banned,/shorts/yCVsRfjcIsY
Australia cancels Novak Djokovic‚Äôs visa for the second time,/watch?v=UGr0AeRFAFA&pp=ygUabm92YWsgZGpva292aWMgZGVwb3J0YXRpb24%3D
Novak Djokovic DEPORTED From Australia And NOT To Play In The Australian Open! Jon Del Arroz BTFO!,/watch?v=NHxwc5wzSss&pp=ygUabm92YWsgZGpva292aWMgZGVwb3J0YXRpb24%3D
Novak Djokovic Dubai arrived,/watch?v=fH1BNv-bW8Y&pp=ygUabm92YWsgZGpva292aWMgZGVwb3J0YXRpb24%3D
The Incredible Story Of Novak Djokovic,/watch?v=2-XpV3qMi20&pp=ygUabm92YWsgZGpva292aWMgZGVwb3J0YXRpb24%3D
John McEnroe on Djokovic's KILLER Mindset!üí™ | Eurosport Tennis,/watch?v=AH7ufPW3QSg&pp=ygUabm92YWsgZGpva292aWMgZGVwb3J0YXRpb24%3D
Tennis Channel Live: Novak Djokovic Denied Entry Into Australia,/watch?v=KPJL2GLD5PU&pp=ygUabm92YWsgZGpva292aWMgZGVwb3J0YXRpb24%3D
Novak DEPORTED!,/watch?v=PN2HMXZGQMA&pp=ygUabm92YWsgZGpva292aWMgZGVwb3J0YXRpb24%3D
Novak Djokovic OUT Of Australian Open As Visa Cancelled By Australian Government,/watch?v=YkoGJlxBIuQ&pp=ygUabm92YWsgZGpva292aWMgZGVwb3J0YXRpb24%3D
From The Newsroom Podcast: Novak Djokovic has left Australia,/watch?v=O1OmdH6hRqQ&pp=ygUabm92YWsgZGpva292aWMgZGVwb3J0YXRpb24%3D
Is Novak the Greatest Tennis Player Ever?,/watch?v=q-ox4FsZcSw&pp=ygUabm92YWsgZGpva292aWMgZGVwb3J0YXRpb24%3D
Novak Djokovic triumphs in first match since Australia deportation,/shorts/Mw5l-A7KG6I
Novak Djokovic flies out of Australia after Federal Court throws out visa challenge | ABC News,/watch?v=lu1bAXLMWS4&pp=ygUabm92YWsgZGpva292aWMgZGVwb3J0YXRpb24%3D
Novak Djokovic in detention where he belongs. Tomorrow deportation and a 3 year ban should happen,/shorts/blBBjecgyM4
Learn English | Djokovic Fights Deportation as Visa Canceled Again,/watch?v=dgtsf1cllmw&pp=ygUabm92YWsgZGpva292aWMgZGVwb3J0YXRpb24%3D
Novak Djokovic Back In Australia A Year After Deportation,/watch?v=_cZsdqahRtM&pp=ygUabm92YWsgZGpva292aWMgZGVwb3J0YXRpb24%3D
Australian Parliament Apologizes to Novak Djokovic,/watch?v=UP99FncO63s&pp=ygUabm92YWsgZGpva292aWMgZGVwb3J0YXRpb24%3D
SHOCKING Facts About Novak Djokovic..,/watch?v=L8c_AqU6MwQ&pp=ygUabm92YWsgZGpva292aWMgZGVwb3J0YXRpb24%3D
Serbian President Blasts Australia For Deporting Djokovic‚ÄîFellow Tennis,/watch?v=8cn2WbozAYI&pp=ygUabm92YWsgZGpva292aWMgZGVwb3J0YXRpb24%3D
Novak Djokovic vows to reveal his 'version of Australian deportation saga in first public appearance,/watch?v=JUgtRaIUdZ0&pp=ygUabm92YWsgZGpva292aWMgZGVwb3J0YXRpb24%3D
Djokovic DEPORTED üò≤ & WILL NOT play Australian Open 2022! | GTL Tennis Podcast #287,/watch?v=LTJXXbQRTUA&pp=ygUabm92YWsgZGpva292aWMgZGVwb3J0YXRpb24%3D
Novak Djokovic fights deportation from Australia in court Monday,/watch?v=VPWU1xBxkOw&pp=ygUabm92YWsgZGpva292aWMgZGVwb3J0YXRpb24%3D
Australian Open: Novak Djokovic denied entry into Melbourne,/watch?v=i9NMoE2LRUQ&pp=ygUabm92YWsgZGpva292aWMgZGVwb3J0YXRpb24%3D
Novak Djokovic Detained in Australia Ahead of His Deportation Appeal,/watch?v=V_SOXqSwlDg&pp=ygUabm92YWsgZGpva292aWMgZGVwb3J0YXRpb24%3D
Why Novak Djokovic was actually Deported from Australia,/watch?v=SHcrq36lHYU&pp=ygUabm92YWsgZGpva292aWMgZGVwb3J0YXRpb24%3D
Djokovic Visa Issue | Belgrade lights up tower to honour Djokovic after deportation from Australia,/watch?v=of8Pd3-Hk4w&pp=ygUabm92YWsgZGpva292aWMgZGVwb3J0YXRpb24%3D
Novak Djokovic Back in Australia a Year After Deportation | MUST WATCH NEWS  |,/watch?v=I8Yd5SE7q3s&pp=ygUabm92YWsgZGpva292aWMgZGVwb3J0YXRpb24%3D
Analysis of Novak Djokovic's Visa Denial,/watch?v=vhPtLwdRPmM&pp=ygUabm92YWsgZGpva292aWMgZGVwb3J0YXRpb24%3D
Novak Djokovic: The Australian Open Vaccination Saga,/watch?v=tlvMMj9CT00&pp=ygUabm92YWsgZGpva292aWMgZGVwb3J0YXRpb24%3D
What Happened to Australia?‚ÄìFrom Covid ‚ÄòDouble Speak‚Äô to Deporting Djokovic; World Shifts on Covid,/watch?v=EA3H4OvPg8M&pp=ygUabm92YWsgZGpva292aWMgZGVwb3J0YXRpb24%3D
What makes Novak Djokovic UNBEATABLE...(nearly),/watch?v=kwc9aUEyj1s&pp=ygUabm92YWsgZGpva292aWMgZGVwb3J0YXRpb24%3D
Novak Djokovic fights to avoid deportation as reasons for visa cancellation are revealed | ABC News,/watch?v=MgWm8suJ20Y&pp=ygUabm92YWsgZGpva292aWMgZGVwb3J0YXRpb24%3D
Novak Djokovic awaiting outcome of his deportation order,/watch?v=Of_4a3u7TnY&pp=ygUabm92YWsgZGpva292aWMgZGVwb3J0YXRpb24%3D
Australian public react to Novak Djokovic ban being overturned a.f..ter demanding deportation,/watch?v=dimnnMyDqlQ&pp=ygUabm92YWsgZGpva292aWMgZGVwb3J0YXRpb24%3D
'Djokovic in Australia is good for tennis!' | Nadal ahead of United Cup,/watch?v=KULYz2qhzus&pp=ygUabm92YWsgZGpva292aWMgZGVwb3J0YXRpb24%3D
How did Novak Djokovic's visa get revoked ahead of the Australian Open? - BBC News,/watch?v=qjVz3edsZAQ&pp=ygUabm92YWsgZGpva292aWMgZGVwb3J0YXRpb24%3D
Game Set Deport - The Djokovic Disgrace | Report from Tiger Mountain,/watch?v=hsMMWEMZYoc&pp=ygUabm92YWsgZGpva292aWMgZGVwb3J0YXRpb24%3D
SHOULD DJOKOVIC BE DEPORTED? Legal Expert Explains: What's Happened with Novak's Australian Visa?,/watch?v=CzoUR9x3t88&pp=ygUabm92YWsgZGpva292aWMgZGVwb3J0YXRpb24%3D
Re-cancellation of Novak Djokovic‚Äôs visa explained | 9 News Australia,/watch?v=zG7-gHLFsi4&pp=ygUabm92YWsgZGpva292aWMgZGVwb3J0YXRpb24%3D
"Another potential blow for Novak Djokovic, Severe weather warnings ahead | 9 News Australia",/watch?v=eAhVuamnf2w&pp=ygUabm92YWsgZGpva292aWMgZGVwb3J0YXRpb24%3D
Typical Aussie Explains Djokovic Deportation,/watch?v=YaZvmKveKgw&pp=ygUabm92YWsgZGpva292aWMgZGVwb3J0YXRpb24%3D
NOVAK DJOKOVIC WINS FIRST COMPETITIVE MATCH IN TENNIS RETURN AFTER AUSTRALIAN DEPORTATION...,/watch?v=XOPG9rYinro&pp=ygUabm92YWsgZGpva292aWMgZGVwb3J0YXRpb24%3D
Novak Djokovic Latest News | Novak Djokovic Says No Hard Feelings Over Australian Deportation,/watch?v=Ua5xoM27j7c&pp=ygUabm92YWsgZGpva292aWMgZGVwb3J0YXRpb24%3D
Why Novak Djokovic Is The GREATEST Tennis Player Of All Time..,/watch?v=vny2Pl4ZUnc&pp=ygUabm92YWsgZGpva292aWMgZGVwb3J0YXRpb24%3D
Djokovic appeal dismissed - star to be deported.,/watch?v=JTk_PIko1EY&pp=ygUabm92YWsgZGpva292aWMgZGVwb3J0YXRpb24%3D
2011: The Year Djokovic Dominated Nadal!,/watch?v=OR2PZNyojhs&pp=ygUabm92YWsgZGpva292aWMgZGVwb3J0YXRpb24%3D
Novak Djokovic faces deportation after visa revoked again by Australia.,/watch?v=zRXIttxLpdU&pp=ygUabm92YWsgZGpva292aWMgZGVwb3J0YXRpb24%3D
Novak Djokovic's Australian Open controversy explained,/watch?v=z0QN88SbI78&pp=ygUabm92YWsgZGpva292aWMgZGVwb3J0YXRpb24%3D
Novak Djokovic wins Australian Open a year after deportation saga.,/watch?v=2bJr5ChlfhY&pp=ygUabm92YWsgZGpva292aWMgZGVwb3J0YXRpb24%3D
NOVAK DJOKOVIC FACES DEPORTATION? What's Up Australia. /Sergio Ag√ºero/ Alphonso Davies NEWS,/watch?v=TWgoMKtMBDY&pp=ygUabm92YWsgZGpva292aWMgZGVwb3J0YXRpb24%3D
Novak Djokovic's first interview since Australian Open Debacle,/watch?v=bFCaETI2Lv0&pp=ygUabm92YWsgZGpva292aWMgZGVwb3J0YXRpb24%3D
Novak Djokovic ordered to be 'deported again' from Australia in explosive radio rant„ÄêNews„Äë,/watch?v=nRm9NiEfXPg&pp=ygUabm92YWsgZGpva292aWMgZGVwb3J0YXRpb24%3D
Novak Djokovic to be deported from Australia after losing last-ditch a,/watch?v=IutWI2KUFMw&pp=ygUabm92YWsgZGpva292aWMgZGVwb3J0YXRpb24%3D
Novak Djokovic's family gives press conference after Australia court win ‚Äì watch live,/watch?v=mD6Cnt_ts80&pp=ygUabm92YWsgZGpva292aWMgZGVwb3J0YXRpb24%3D
Djokovic‚Äôs coach reveals how close he was to pulling out - AO 2023 | Wide World of Sports,/watch?v=MK0n5pxGiDA&pp=ygUabm92YWsgZGpva292aWMgZGVwb3J0YXRpb24%3D
Novak Djokovic - Rise Like A Phoenix | Mini-Movie,/watch?v=Go5JEggmZGU&pp=ygUabm92YWsgZGpva292aWMgZGVwb3J0YXRpb24%3D
‚ò†Ô∏è Novak Djokovic ‚ò†Ô∏è to miss 2022 US Open & BNP Paribas?! üò¢üò¢ Orchestrated Take-Down Begins...,/watch?v=fWJYOcmEYr8&pp=ygUabm92YWsgZGpva292aWMgZGVwb3J0YXRpb24%3D
Failed MSNBC Host Toure Gets Exposed After Supporting Australia Deporting Unvaxxed Novak Djovokic,/watch?v=0jvcJsBXF54&pp=ygUabm92YWsgZGpva292aWMgZGVwb3J0YXRpb24%3D
What Tennis Legends Think Of Novak Djokovic!,/watch?v=E8u62lEob6A&pp=ygUabm92YWsgZGpva292aWMgZGVwb3J0YXRpb24%3D
"Global National: Jan. 16, 2022 | Tennis fans divided after Djokovic deported from Australia",/watch?v=oJptzFvzmsE&pp=ygUabm92YWsgZGpva292aWMgZGVwb3J0YXRpb24%3D
Australia CANCELS Novak Djokovic AGAIN After Court Rules He Can STAY!,/watch?v=mqax-SQQ9a4&pp=ygUabm92YWsgZGpva292aWMgZGVwb3J0YXRpb24%3D
Novak Djokovic 'didn't have a leg to stand on' says Lembit Opik,/watch?v=rYvx6EKAvjs&pp=ygUabm92YWsgZGpva292aWMgZGVwb3J0YXRpb24%3D
Novak Djokovic: Cancellation of visa upheld by Australian Federal Court,/watch?v=9XnjtrI1Cqs&pp=ygUabm92YWsgZGpva292aWMgZGVwb3J0YXRpb24%3D
Serbia's PM says Novak Djokovic is being 'persecuted',/watch?v=AGA0DU9AfhM&pp=ygUabm92YWsgZGpva292aWMgZGVwb3J0YXRpb24%3D
Novak Djokovic arrives back in Belgrade after deportation from Australia Latest News Tennis OPen,/watch?v=2cVM6IcUlts&pp=ygUabm92YWsgZGpva292aWMgZGVwb3J0YXRpb24%3D
Sports Writer Shares Details On Novak Djokovic's Cancelled Visa Days Before Australian Open | GMB,/watch?v=-BxcuEK6oD8&pp=ygUabm92YWsgZGpva292aWMgZGVwb3J0YXRpb24%3D
Anti-Vaxxer Novak Djokovic FREED As Fans Protest His Detention,/watch?v=B51bif4Bx6U&pp=ygUabm92YWsgZGpva292aWMgZGVwb3J0YXRpb24%3D
A defiant Novak Djokovic has broken his silence. He‚Äôs not taking a backward step,/watch?v=aJWWCmeIlr4&pp=ygUabm92YWsgZGpva292aWMgZGVwb3J0YXRpb24%3D
Jamie Murray questions Djokovic's Australian Open medical exemption,/watch?v=_lnI-VBBKHQ&pp=ygUabm92YWsgZGpva292aWMgZGVwb3J0YXRpb24%3D
Tennis star deported after losing Australia visa battle,/watch?v=FnXjns7ic7Y&pp=ygUabm92YWsgZGpva292aWMgZGVwb3J0YXRpb24%3D
Novak Djokovic in Australian Open draw despite visa uncertainty - BBC News,/watch?v=MrttZKDSmFA&pp=ygUabm92YWsgZGpva292aWMgZGVwb3J0YXRpb24%3D
Australian Public React To Novak Djokovic Ban Being Overturned After Demanding Deportation,/watch?v=_AfEGcffJZ8&pp=ygUabm92YWsgZGpva292aWMgZGVwb3J0YXRpb24%3D
2022 AO - Djoker Deported/Nadal&Zverev Open Tournament | CBT Podcast,/watch?v=vKyS08C3Y9k&pp=ygUabm92YWsgZGpva292aWMgZGVwb3J0YXRpb24%3D
The Tennis World Has Gone CRAZY With Novak Djokovic Situation!,/watch?v=QubR2dCXCoQ&pp=ygUabm92YWsgZGpva292aWMgZGVwb3J0YXRpb24%3D
Novak Djokovic emotionally addresses deportation and calls Aus Open win 'biggest of life'„ÄêNews„Äë,/watch?v=lR05ijIOtjE&pp=ygUabm92YWsgZGpva292aWMgZGVwb3J0YXRpb24%3D
Federal government cancels Novak Djokovic's visa,/watch?v=1d3aprD6bbU&pp=ygUabm92YWsgZGpva292aWMgZGVwb3J0YXRpb24%3D
"Novak Djokovic‚Äôs visa revoked again facing deportation, Bucks murder Warriors 118-99",/watch?v=9j1T51hD6Iw&pp=ygUabm92YWsgZGpva292aWMgZGVwb3J0YXRpb24%3D
"Media Talk #31: Novak Djokovic's Australian Visa Cancelled Again, Anti-Vaccines Support, Many Mad",/watch?v=U-ZVRCqyTA4&pp=ygUabm92YWsgZGpva292aWMgZGVwb3J0YXRpb24%3D
Tennis stars and Australian citizens weigh in on Djokovic visa row,/watch?v=LfEIqAkHVyw&pp=ygUabm92YWsgZGpva292aWMgZGVwb3J0YXRpb24%3D
"Djokovic can still be deported from Australia, Visa fiasco becoming bigger than the tennis match",/watch?v=UFFksaPFM5c&pp=ygUabm92YWsgZGpva292aWMgZGVwb3J0YXRpb24%3D
"Australian Government 'Humiliated' it Self in Novak Djokovic Saga, Serbian President Says",/watch?v=HJ2hO_-HZB8&pp=ygUabm92YWsgZGpva292aWMgZGVwb3J0YXRpb24%3D
Novak Djokovic's Rise To No.1 Ranking & 311 Weeks Tribute,/watch?v=10dNAn1KXhA&pp=ygUabm92YWsgZGpva292aWMgZGVwb3J0YXRpb24%3D
"Kim Iversen: ‚ÄòCovid Villain‚Äô Novak Djokovic DENIED Entry, DETAINED In Australia Over Vax Status",/watch?v=cH1U6jUzI9w&pp=ygUabm92YWsgZGpva292aWMgZGVwb3J0YXRpb24%3D
Djokovic can't forget Australian deportation but wants to move on,/watch?v=lQftuFSPYFY&pp=ygUabm92YWsgZGpva292aWMgZGVwb3J0YXRpb24%3D
Novak Djokovic DEPORTED!! SHAME!! Nobody is going to watch the Australian Open,/watch?v=6WxYV35MrfE&pp=ygUabm92YWsgZGpva292aWMgZGVwb3J0YXRpb24%3D
What Happened to Australia?‚ÄìFrom Covid ‚ÄòDouble Speak‚Äô to Deporting Djokovic; World Shifts on Covid,/watch?v=yXYB1EY2yAE&pp=ygUabm92YWsgZGpva292aWMgZGVwb3J0YXRpb24%3D
Novak Djokovic Now Finds Himself Competing In The Australian NOT OPEN,/watch?v=8Uq5sHQzTc4&pp=ygUabm92YWsgZGpva292aWMgZGVwb3J0YXRpb24%3D
"Novak Djokovic ""≈†ta reƒái? Koju posluku porati?"" FUNNY MOMENT",/shorts/ktLdj1eDwHQ
Novak Djokovic Saga ends | Australian Open 2022 | Visa Cancel - Court Battle | Fully Explained Tamil,/watch?v=9xvp95lQd-0&pp=ygUabm92YWsgZGpva292aWMgZGVwb3J0YXRpb24%3D
Australia Deports Novak Djokovic For Being Unvaccinated ‚Äì The Hollywood Reporter,/watch?v=FQyLKRh7ZAk&pp=ygUabm92YWsgZGpva292aWMgZGVwb3J0YXRpb24%3D
Sky News Breakfast: Tennis' world number one could face deportation,/watch?v=JXR_Wx5kdt4&pp=ygUabm92YWsgZGpva292aWMgZGVwb3J0YXRpb24%3D
How Australia used a BBC article to deport Djokovic,/watch?v=TJzI2xku7yc&pp=ygUabm92YWsgZGpva292aWMgZGVwb3J0YXRpb24%3D
LIVE: NOVAK DJOKOVIC FACES DEPORTATION AHEAD OF AUSTRALIAN OPEN,/watch?v=twjJo3WBer8&pp=ygUabm92YWsgZGpva292aWMgZGVwb3J0YXRpb24%3D
PM leaves door open for Djokovic to return before three-year ban | 9 News Australia,/watch?v=hUv6a_hlqWo&pp=ygUabm92YWsgZGpva292aWMgZGVwb3J0YXRpb24%3D
Tonia Buxton & Benjamin Butterworth CLASH over Novak Djokovic not taking the Covid-19 vaccine,/watch?v=PjmiNooJvs4&pp=ygUabm92YWsgZGpva292aWMgZGVwb3J0YXRpb24%3D
Kristina Keneally ‚Äònot fussed‚Äô about Novak Djokovic,/watch?v=CFxMZ2SQChI&pp=ygUabm92YWsgZGpva292aWMgZGVwb3J0YXRpb24%3D
Novak Djokovic   Jonathan Ross Show,/watch?v=3D2YXcCGP-s&pp=ygUabm92YWsgZGpva292aWMgZGVwb3J0YXRpb24%3D
Sebastian Ofner vs Novak Djokovic | World Tennis League 2022,/watch?v=ZV4sZJeMfMQ&pp=ygUabm92YWsgZGpva292aWMgZGVwb3J0YXRpb24%3D
BREAKING NEWS Novak Djokovic Controversy #shorts #breakingnews,/shorts/nitenYOfUdI
Djokovic visa re-cancelled: This Is Politics,/watch?v=ihxIv1m6t94&pp=ygUabm92YWsgZGpva292aWMgZGVwb3J0YXRpb24%3D
Novak Djokovic was deported from Australia for being unvaccinated | Omicron | The Mahalaxmi Show |,/watch?v=5in69TPZz1M&pp=ygUabm92YWsgZGpva292aWMgZGVwb3J0YXRpb24%3D
This is Why Roger Federer Did NOT LIKE Djokovic Throughout his Career,/watch?v=ay3uvuaI9tM&pp=ygUabm92YWsgZGpva292aWMgZGVwb3J0YXRpb24%3D
Novak Djokovic - from 4 to 30 years old,/watch?v=VGFpzFpDK4A&pp=ygUabm92YWsgZGpva292aWMgZGVwb3J0YXRpb24%3D
LIVE üî¥ NOVAK DJOKOVIC FACES DEPORTATION AHEAD OF AUSTRALIAN OPEN,/watch?v=LqHPHnTR09U&pp=ygUabm92YWsgZGpva292aWMgZGVwb3J0YXRpb24%3D
"""I feel like Djokovic is the Freshest of the Three""",/shorts/9Pabl-6404A
Australian Open 2022 / The story of NOVAK DJOKOVIC.,/watch?v=4-DiSovyQ4M&pp=ygUabm92YWsgZGpva292aWMgZGVwb3J0YXRpb24%3D
Kobe Bryant on tennis Big Three: ‚ÄúNovak‚Äôs my guy‚Äù,/watch?v=k-1XtlP6vjw&pp=ygUabm92YWsgZGpva292aWMgZGVwb3J0YXRpb24%3D
"Famous Celebrities & Athletes React to Novak Djokovic Winning 21st Grand Slam , Wimbledon 2022",/watch?v=oeHVEFtWoyc&pp=ygUabm92YWsgZGpva292aWMgZGVwb3J0YXRpb24%3D
Novak Djokovic - Serve Evolution,/watch?v=4zGYQPpzGo4&pp=ygUabm92YWsgZGpva292aWMgZGVwb3J0YXRpb24%3D
Why Novak Djokovic Out from Australian Open Tennis and Banned from Australia for 3 Years Full Story,/watch?v=kCF89XPUBUg&pp=ygUabm92YWsgZGpva292aWMgZGVwb3J0YXRpb24%3D
Woke Dystopian Melbourne Part 4 ‚Äì The Novak Saga UPDATE - Djokovic to be deported from Australia,/watch?v=jjmtDV4pC3A&pp=ygUabm92YWsgZGpva292aWMgZGVwb3J0YXRpb24%3D
Australia 'tainted' by Djokovic ordeal,/watch?v=gZtlIowaCHw&pp=ygUabm92YWsgZGpva292aWMgZGVwb3J0YXRpb24%3D
Live Late: Novak's Visa Cancelled AGAIN - deportation imminent,/watch?v=RjJT1xFStwI&pp=ygUabm92YWsgZGpva292aWMgZGVwb3J0YXRpb24%3D
Novac Djokovic Deported From Australia!!!,/watch?v=RLiVgWZuClk&pp=ygUabm92YWsgZGpva292aWMgZGVwb3J0YXRpb24%3D
"Alexander Zverev ""I'm Sorry for Djokovic"" - 2022",/watch?v=7Jidp6R1bUs&pp=ygUabm92YWsgZGpva292aWMgZGVwb3J0YXRpb24%3D
"Simon Jordan labels Novak Djokovic as ""ARROGANT AND CONCEIT'' as he is refused entry to Australia!üò≥üî•",/watch?v=CAWmoowY1sw&pp=ygUabm92YWsgZGpva292aWMgZGVwb3J0YXRpb24%3D
Djokovic describes his Australia visa ordeal as unfortunate in first public appearance I SBS NEWS,/watch?v=PcE0Y6YtOp0&pp=ygUabm92YWsgZGpva292aWMgZGVwb3J0YXRpb24%3D
"Djokovic 'Making A Mockery' Of Australian Open After Visa Revoked, Again",/watch?v=rg7_E59xmUo&pp=ygUabm92YWsgZGpva292aWMgZGVwb3J0YXRpb24%3D
HISTORIC: Novak Djkokovic Deported & Banned From Australia,/watch?v=iozi21PDD0A&pp=ygUabm92YWsgZGpva292aWMgZGVwb3J0YXRpb24%3D
Djokovic breaks silence on deportation from Australia,/watch?v=nmakXz7LY68&pp=ygUabm92YWsgZGpva292aWMgZGVwb3J0YXRpb24%3D
Djokovic‚Äôs Aussie Visa Revoked‚Ä¶ Again | Ayman,/watch?v=YMbI2y5Er7s&pp=ygUabm92YWsgZGpva292aWMgZGVwb3J0YXRpb24%3D
Little sympathy for Djokovic among Australians,/watch?v=AUSWzJLpNNQ&pp=ygUabm92YWsgZGpva292aWMgZGVwb3J0YXRpb24%3D
Australia Open: Has Novak Djokovic been treated unfairly over vaccine exemption? | Andrew Castle,/watch?v=bq9Cx785yPk&pp=ygUabm92YWsgZGpva292aWMgZGVwb3J0YXRpb24%3D
Gravitas | Djokovic & Kohli: The fall of two sporting icons,/watch?v=fUiQiQxZeiw&pp=ygUabm92YWsgZGpva292aWMgZGVwb3J0YXRpb24%3D
Novak Djokovic: Refuse to Lose,/watch?v=EVCCKIlDMgI&pp=ygUabm92YWsgZGpva292aWMgZGVwb3J0YXRpb24%3D
Hawke 'did everything he was supposed to' with Djokovic,/watch?v=z0jsKUpR-7w&pp=ygUabm92YWsgZGpva292aWMgZGVwb3J0YXRpb24%3D
Why some elite athletes don‚Äôt want the coronavirus vaccine,/watch?v=xdMwBQKwpt0&pp=ygUabm92YWsgZGpva292aWMgZGVwb3J0YXRpb24%3D
"Novak Djokovic vs Australian Government, ‡§ï‡•å‡§® ‡§∏‡§π‡•Ä, ‡§ï‡•å‡§® ‡§ó‡§≤‡§§? | Australian Open | Covid 19 | RJ Raunak",/watch?v=S_AJ4gxVdSs&pp=ygUabm92YWsgZGpva292aWMgZGVwb3J0YXRpb24%3D
Tennis Australia faces the tough questions over Novak Djokovic drama | Wide World of Sports,/watch?v=i-UUhiral74&pp=ygUabm92YWsgZGpva292aWMgZGVwb3J0YXRpb24%3D
Novak Djokovic Exits Australia After Visa Cancellation,/shorts/Uiw-PyCgLbs
DJOKOVIC vs AUSTRALIA | LIVE TRIAL FINAL VERDICT | Australian Open 2022 | GTL Tennis Watchalong,/watch?v=nJ1QSGgMZZE&pp=ygUabm92YWsgZGpva292aWMgZGVwb3J0YXRpb24%3D
Novak Djokovic: Refuse to Lose,/watch?v=EVCCKIlDMgI&pp=ygUabm92YWsgZGpva292aWMgZGVwb3J0YXRpb24%3D
Why some elite athletes don‚Äôt want the coronavirus vaccine,/watch?v=xdMwBQKwpt0&pp=ygUabm92YWsgZGpva292aWMgZGVwb3J0YXRpb24%3D
Tennis World REACTS to NOVAK DJOKOVIC'S 10th Australian Open Win & 22nd GRAND SLAM TITLE,/watch?v=ADk-Kka64YM&pp=ygUabm92YWsgZGpva292aWMgZGVwb3J0YXRpb24%3D
Australian Open just the ‚Äòfirst chapter‚Äô of Djokovic‚Äôs quest to ‚Äòbe right‚Äô,/watch?v=iG5-_RUWCm8&pp=ygUabm92YWsgZGpva292aWMgZGVwb3J0YXRpb24%3D
Serbian President Vucic criticises Australia on Djokovic visa ruling | Aus Open | Êæ≥ÁΩë Â°ûÂ∞îÁª¥‰∫öÊÄªÁªüÊ≠¶Â•ëÂ•á Âæ∑Á∫¶ÁßëÁª¥Â•á,/watch?v=KMyU1vu_gFE&pp=ygUabm92YWsgZGpva292aWMgZGVwb3J0YXRpb24%3D
Djokovic saga 12 days ‚Äòwe‚Äôll never get back again‚Äô,/watch?v=KL0wkvkks6U&pp=ygUabm92YWsgZGpva292aWMgZGVwb3J0YXRpb24%3D
Novak Djokovic Must Exit Australia After Vaccination Exemption Revoked,/watch?v=zG-5-76_PAY&pp=ygUabm92YWsgZGpva292aWMgZGVwb3J0YXRpb24%3D
Iga Swiatek Talk About Rafael Nadal And Djokovic - 2023 Wta Madrid R3 Press Conference,/watch?v=3npRCknQKy0&pp=ygUabm92YWsgZGpva292aWMgZGVwb3J0YXRpb24%3D
Dad Djokovic Becomes Ball Boy for Son Stefan Tennis Game #shorts,/shorts/tAaTNaoMxHA
[Mindset] ‡§ú‡§ø‡§∏‡§®‡•á Novak Djokovic ‡§ï‡•ã No.1 ‡§¨‡§®‡§æ‡§Ø‡§æ. Work Ethic,/watch?v=6vyLZUd29DY&pp=ygUabm92YWsgZGpva292aWMgZGVwb3J0YXRpb24%3D
SHOCKING!!! Novak Djokovic suffered a shock loss | ITALIAN LORENZO MUSETTI | Premier League,/watch?v=jjWOu7byaVI&pp=ygUabm92YWsgZGpva292aWMgZGVwb3J0YXRpb24%3D
French Open could suffer grim Rafael Nadal and Novak Djokovic first as pair battle injury„ÄêNews„Äë,/watch?v=R5b5Xaun-Z0&pp=ygUabm92YWsgZGpva292aWMgZGVwb3J0YXRpb24%3D
Holger Rune Erase Ball Mark vs Davidovich Fokina - Madrid Crowd Reacts Atp Madrid open 2023,/watch?v=EIGl7XMg4hc&pp=ygUabm92YWsgZGpva292aWMgZGVwb3J0YXRpb24%3D
Nadals Career in 59 seconds - CHEERING,/shorts/1P6XTBWhF-A
How to Beat Rafael Nadal at the French Open,/watch?v=Cfa5j0NCbfA&pp=ygUabm92YWsgZGpva292aWMgZGVwb3J0YXRpb24%3D
Novak djokovic motivational story | Biography in Hindi | ‡§¶‡•Å‡§®‡§ø‡§Ø‡§æ ‡§ï‡•á ‡§∏‡§¨‡§∏‡•á ‡§Æ‡§π‡§æ‡§® Tennis Player ‡§ï‡•Ä ‡§ï‡§π‡§æ‡§®‡•Ä,/watch?v=smXpYOCEtgk&pp=ygUabm92YWsgZGpva292aWMgZGVwb3J0YXRpb24%3D
Welcome to BREAKING PAR,/watch?v=6DfK1zJQ9bU&pp=ygUabm92YWsgZGpva292aWMgZGVwb3J0YXRpb24%3D
Fast & Factual: Over 420 Killed In Sudan | Australia Unveils Biggest Defence Reform,/watch?v=o2bVcu6H3v4&pp=ygUabm92YWsgZGpva292aWMgZGVwb3J0YXRpb24%3D
Fast & Factual LIVE: Yoon Suk Yeol To Meet Biden | Guatemala President Visits Taiwan,/watch?v=aC4UwtSoanU&pp=ygUabm92YWsgZGpva292aWMgZGVwb3J0YXRpb24%3D
Tennis villain Holger Rune scolded by umpire after latest piece of controversy,/watch?v=ifqopbd_pDc&pp=ygUabm92YWsgZGpva292aWMgZGVwb3J0YXRpb24%3D
'Dazed and confused' Joe Biden not 'up to the job' of running for president again,/watch?v=fgrw9QKytbE&pp=ygUabm92YWsgZGpva292aWMgZGVwb3J0YXRpb24%3D
"Bruce Lehrmann‚Äôs defamation lawsuit against media to proceed, court rules | 9 News Australia",/watch?v=-dZ2C2QwD0M&pp=ygUabm92YWsgZGpva292aWMgZGVwb3J0YXRpb24%3D
Roger Federer surprises young fans ahead of Met Gala | The Break,/watch?v=vNaQb0RAxSs&pp=ygUabm92YWsgZGpva292aWMgZGVwb3J0YXRpb24%3D
Prince Harry serves ‚Äòanother blow‚Äô to the Queen,/watch?v=yXBMWVRYchM&pp=ygUabm92YWsgZGpva292aWMgZGVwb3J0YXRpb24%3D
"Russia accused of GENOCIDE in Ukraine. With this, Russia+West reached a point of no return.",/watch?v=Zyoq1Jma5eU&pp=ygUabm92YWsgZGpva292aWMgZGVwb3J0YXRpb24%3D
Secret Adelaide CBD take-away booze ban revealed | 7NEWS,/watch?v=i-Ex9ND_nPY&pp=ygUabm92YWsgZGpva292aWMgZGVwb3J0YXRpb24%3D
ATP Pro Plays with a Broken String vs 10 UTR,/watch?v=JxalCCXEYTE&pp=ygUabm92YWsgZGpva292aWMgZGVwb3J0YXRpb24%3D
What he said after game 7 loss will BLOW YOUR MIND..,/watch?v=mVKes-bpOXU&pp=ygUabm92YWsgZGpva292aWMgZGVwb3J0YXRpb24%3D
Emma Raducanu‚Äôs endorsements and sponsorships in danger of slipping away,/watch?v=sOlIHQZ6PI4&pp=ygUabm92YWsgZGpva292aWMgZGVwb3J0YXRpb24%3D
Anthony Albanese commits to $240 million dollar stadium in Hobart,/watch?v=Y8GahABG7tw&pp=ygUabm92YWsgZGpva292aWMgZGVwb3J0YXRpb24%3D
"Do this rather than that, on all tennis strokes...",/watch?v=QqPHuZMwaYI&pp=ygUabm92YWsgZGpva292aWMgZGVwb3J0YXRpb24%3D
"Net overseas migration into Aus to hit ‚Äòrecord 400,000 this year‚Äô",/watch?v=vqQNTG-wITM&pp=ygUabm92YWsgZGpva292aWMgZGVwb3J0YXRpb24%3D
Durant not concerned with losing game one to Denver,/watch?v=2Ch2WsJuD80&pp=ygUabm92YWsgZGpva292aWMgZGVwb3J0YXRpb24%3D
ALMOST ON COURT WITH DOMINIC THIEM #tennis #shorts,/shorts/CiB6HD4ZSmQ
Albanese gets yelled at by woman during Hobart stadium announcement,/watch?v=pJyvQohDIQw&pp=ygUabm92YWsgZGpva292aWMgZGVwb3J0YXRpb24%3D
Check This Outüò±: Rafael Nadal Said About Alexander Zverev! Caught Fans By Surprise With This Newsüéæ,/watch?v=poZg6sGpt4k&pp=ygUabm92YWsgZGpva292aWMgZGVwb3J0YXRpb24%3D
"UKRAINE-KRIEG: Putin knallhart! Neues Gesetz! ""Das kann f√ºr jeden B√ºrger katastrophale Folgen haben""",/watch?v=orDNa1TM-1g&pp=ygUabm92YWsgZGpva292aWMgZGVwb3J0YXRpb24%3D
HYEON CHUNG BACK ON COURT AFTER INJURY #tennis #shorts,/shorts/7R2hRx0fAFA
What does ATP mean in tennis?,/watch?v=zazbzgZ7waM&pp=ygUabm92YWsgZGpva292aWMgZGVwb3J0YXRpb24%3D
Veronika Kudermetova cries during emotional win ü•≤‚ò∫Ô∏è Vs Daria Kasatkina WTA Live Tennis,/watch?v=ZQpsRNeJFTs&pp=ygUabm92YWsgZGpva292aWMgZGVwb3J0YXRpb24%3D
National Bank Open 2023 | Feel History Being Made,/watch?v=y80mfho0wnc&pp=ygUabm92YWsgZGpva292aWMgZGVwb3J0YXRpb24%3D
National Bank Open 2023 | Feel History Being Made,/watch?v=Wyp8e4I8pWY&pp=ygUabm92YWsgZGpva292aWMgZGVwb3J0YXRpb24%3D
Daria Kasatkina says it 'makes a lot of sense' for Ukrainian tennis players to receive grass-court,/watch?v=UFzTD_FRTBE&pp=ygUabm92YWsgZGpva292aWMgZGVwb3J0YXRpb24%3D
[Latest]Russia's Daria Kasatkina says it 'makes a lot of sense' for Ukrainian tennis players to re,/watch?v=oxkway3ciEw&pp=ygUabm92YWsgZGpva292aWMgZGVwb3J0YXRpb24%3D
John Barnes on Matt Le Tissier Sacking From Sky,/watch?v=vDkKDGvWxQs&pp=ygUabm92YWsgZGpva292aWMgZGVwb3J0YXRpb24%3D
"Jelena Ostapenko hits ball boy with racquet, opponent wants her disqualified.",/watch?v=ecJVJEjf1ZM&pp=ygUabm92YWsgZGpva292aWMgZGVwb3J0YXRpb24%3D
Tennis villain Holger Rune scolded by umpire after latest piece of controversy,/watch?v=RqS4MuKs-XY&pp=ygUabm92YWsgZGpva292aWMgZGVwb3J0YXRpb24%3D
"¬°EL TENISTA QUE DERROT√ì A NADAL, DJOKOVIC Y FEDERER EN EL MUTUA MADRID OPEN PARA LEVANTAR EL T√çTULO!",/watch?v=ij3Qruir18E&pp=ygUabm92YWsgZGpva292aWMgZGVwb3J0YXRpb24%3D
Massimiliano Allegri COMMENTS on Giannis Antetokounmpo WORDS on FAILURE in sport,/watch?v=q6s9c6mDDqg&pp=ygUabm92YWsgZGpva292aWMgZGVwb3J0YXRpb24%3D
